Date,RH120 X [km],RH120 Y [km],RH120 Z [km],Moon X [km],Moon Y [km],Moon Z [km],Earth X [km],Earth Y [km],Earth Z [km]
2028-Apr-01 ,-2.65E+06,-2.00E+07,8.81E+05,7.26E+04,3.71E+05,2.14E+04,-8.93E+02,-4.56E+03,-2.63E+02
,,,,,,,,,
,,,,,,,,,
,,,,,,,,,
2028-Apr-02 ,-2.37E+06,-1.98E+07,8.59E+05,-1.47E+04,3.74E+05,1.47E+04,1.81E+02,-4.59E+03,-1.81E+02
,,,,,,,,,
,,,,,,,,,
,,,,,,,,,
2028-Apr-03 ,-2.10E+06,-1.97E+07,8.37E+05,-1.01E+05,3.56E+05,7.25E+03,1.24E+03,-4.37E+03,-8.92E+01
,,,,,,,,,
,,,,,,,,,
,,,,,,,,,
2028-Apr-04 ,-1.84E+06,-1.95E+07,8.15E+05,-1.82E+05,3.17E+05,-6.27E+02,2.24E+03,-3.90E+03,7.71E+00
,,,,,,,,,
,,,,,,,,,
,,,,,,,,,
2028-Apr-05 ,-1.58E+06,-1.93E+07,7.93E+05,-2.52E+05,2.60E+05,-8.47E+03,3.09E+03,-3.20E+03,1.04E+02
,,,,,,,,,
,,,,,,,,,
,,,,,,,,,
2028-Apr-06 ,-1.33E+06,-1.92E+07,7.70E+05,-3.06E+05,1.87E+05,-1.58E+04,3.77E+03,-2.30E+03,1.94E+02
,,,,,,,,,
,,,,,,,,,
,,,,,,,,,
2028-Apr-07 ,-1.08E+06,-1.90E+07,7.47E+05,-3.42E+05,1.02E+05,-2.21E+04,4.20E+03,-1.25E+03,2.72E+02
,,,,,,,,,
,,,,,,,,,
,,,,,,,,,
2028-Apr-08 ,-8.37E+05,-1.88E+07,7.25E+05,-3.56E+05,1.05E+04,-2.70E+04,4.38E+03,-1.29E+02,3.33E+02
,,,,,,,,,
,,,,,,,,,
,,,,,,,,,
2028-Apr-09 ,-6.01E+05,-1.86E+07,7.01E+05,-3.48E+05,-8.17E+04,-3.02E+04,4.28E+03,1.01E+03,3.72E+02
,,,,,,,,,
,,,,,,,,,
,,,,,,,,,
2028-Apr-10 ,-3.71E+05,-1.84E+07,6.78E+05,-3.18E+05,-1.69E+05,-3.15E+04,3.91E+03,2.08E+03,3.88E+02
,,,,,,,,,
,,,,,,,,,
,,,,,,,,,
2028-Apr-11 ,-1.46E+05,-1.83E+07,6.55E+05,-2.69E+05,-2.46E+05,-3.09E+04,3.30E+03,3.02E+03,3.80E+02
,,,,,,,,,
,,,,,,,,,
,,,,,,,,,
2028-Apr-12 ,7.28E+04,-1.81E+07,6.31E+05,-2.04E+05,-3.08E+05,-2.84E+04,2.51E+03,3.79E+03,3.50E+02
,,,,,,,,,
,,,,,,,,,
,,,,,,,,,
2028-Apr-13 ,2.86E+05,-1.79E+07,6.07E+05,-1.28E+05,-3.53E+05,-2.43E+04,1.57E+03,4.35E+03,2.99E+02
,,,,,,,,,
,,,,,,,,,
,,,,,,,,,
2028-Apr-14 ,4.94E+05,-1.77E+07,5.83E+05,-4.45E+04,-3.79E+05,-1.89E+04,5.47E+02,4.66E+03,2.32E+02
,,,,,,,,,
,,,,,,,,,
,,,,,,,,,
2028-Apr-15 ,6.96E+05,-1.75E+07,5.59E+05,4.07E+04,-3.85E+05,-1.25E+04,-5.01E+02,4.74E+03,1.53E+02
,,,,,,,,,
,,,,,,,,,
,,,,,,,,,
2028-Apr-16 ,8.92E+05,-1.73E+07,5.35E+05,1.24E+05,-3.72E+05,-5.43E+03,-1.52E+03,4.58E+03,6.68E+01
,,,,,,,,,
,,,,,,,,,
,,,,,,,,,
2028-Apr-17 ,1.08E+06,-1.71E+07,5.10E+05,2.01E+05,-3.41E+05,1.87E+03,-2.47E+03,4.20E+03,-2.31E+01
,,,,,,,,,
,,,,,,,,,
,,,,,,,,,
2028-Apr-18 ,1.27E+06,-1.69E+07,4.86E+05,2.69E+05,-2.94E+05,9.09E+03,-3.31E+03,3.62E+03,-1.12E+02
,,,,,,,,,
,,,,,,,,,
,,,,,,,,,
2028-Apr-19 ,1.45E+06,-1.67E+07,4.61E+05,3.24E+05,-2.34E+05,1.59E+04,-3.99E+03,2.87E+03,-1.95E+02
,,,,,,,,,
,,,,,,,,,
,,,,,,,,,
2028-Apr-20 ,1.62E+06,-1.65E+07,4.36E+05,3.65E+05,-1.62E+05,2.20E+04,-4.49E+03,2.00E+03,-2.70E+02
,,,,,,,,,
,,,,,,,,,
,,,,,,,,,
2028-Apr-21 ,1.79E+06,-1.63E+07,4.11E+05,3.89E+05,-8.36E+04,2.70E+04,-4.79E+03,1.03E+03,-3.33E+02
,,,,,,,,,
,,,,,,,,,
,,,,,,,,,
2028-Apr-22 ,1.95E+06,-1.60E+07,3.87E+05,3.96E+05,-8.90E+02,3.09E+04,-4.87E+03,1.10E+01,-3.80E+02
,,,,,,,,,
,,,,,,,,,
,,,,,,,,,
2028-Apr-23 ,2.11E+06,-1.58E+07,3.61E+05,3.85E+05,8.20E+04,3.33E+04,-4.73E+03,-1.01E+03,-4.09E+02
,,,,,,,,,
,,,,,,,,,
,,,,,,,,,
2028-Apr-24 ,2.26E+06,-1.56E+07,3.36E+05,3.56E+05,1.61E+05,3.41E+04,-4.37E+03,-1.98E+03,-4.20E+02
,,,,,,,,,
,,,,,,,,,
,,,,,,,,,
2028-Apr-25 ,2.41E+06,-1.54E+07,3.11E+05,3.09E+05,2.33E+05,3.33E+04,-3.81E+03,-2.86E+03,-4.10E+02
,,,,,,,,,
,,,,,,,,,
,,,,,,,,,
2028-Apr-26 ,2.55E+06,-1.52E+07,2.86E+05,2.48E+05,2.93E+05,3.08E+04,-3.05E+03,-3.60E+03,-3.79E+02
,,,,,,,,,
,,,,,,,,,
,,,,,,,,,
2028-Apr-27 ,2.68E+06,-1.50E+07,2.60E+05,1.75E+05,3.39E+05,2.68E+04,-2.15E+03,-4.16E+03,-3.30E+02
,,,,,,,,,
,,,,,,,,,
,,,,,,,,,
2028-Apr-28 ,2.81E+06,-1.48E+07,2.35E+05,9.21E+04,3.66E+05,2.14E+04,-1.13E+03,-4.51E+03,-2.63E+02
,,,,,,,,,
,,,,,,,,,
,,,,,,,,,
2028-Apr-29 ,2.94E+06,-1.46E+07,2.09E+05,4.98E+03,3.75E+05,1.48E+04,-6.12E+01,-4.61E+03,-1.82E+02
,,,,,,,,,
,,,,,,,,,
,,,,,,,,,
2028-Apr-30 ,3.05E+06,-1.44E+07,1.84E+05,-8.23E+04,3.63E+05,7.39E+03,1.01E+03,-4.46E+03,-9.09E+01
,,,,,,,,,
,,,,,,,,,
,,,,,,,,,
2028-May-01 ,3.17E+06,-1.42E+07,1.58E+05,-1.65E+05,3.31E+05,-4.14E+02,2.03E+03,-4.07E+03,5.09E+00
,,,,,,,,,
,,,,,,,,,
,,,,,,,,,
2028-May-02 ,3.28E+06,-1.39E+07,1.32E+05,-2.38E+05,2.79E+05,-8.19E+03,2.92E+03,-3.44E+03,1.01E+02
,,,,,,,,,
,,,,,,,,,
,,,,,,,,,
2028-May-03 ,3.38E+06,-1.37E+07,1.07E+05,-2.97E+05,2.12E+05,-1.55E+04,3.65E+03,-2.60E+03,1.91E+02
,,,,,,,,,
,,,,,,,,,
,,,,,,,,,
2028-May-04 ,3.48E+06,-1.35E+07,8.10E+04,-3.38E+05,1.31E+05,-2.19E+04,4.16E+03,-1.61E+03,2.69E+02
,,,,,,,,,
,,,,,,,,,
,,,,,,,,,
2028-May-05 ,3.57E+06,-1.33E+07,5.53E+04,-3.59E+05,4.27E+04,-2.69E+04,4.41E+03,-5.26E+02,3.31E+02
,,,,,,,,,
,,,,,,,,,
,,,,,,,,,
2028-May-06 ,3.66E+06,-1.31E+07,2.95E+04,-3.58E+05,-4.85E+04,-3.03E+04,4.40E+03,5.96E+02,3.73E+02
,,,,,,,,,
,,,,,,,,,
,,,,,,,,,
2028-May-07 ,3.74E+06,-1.29E+07,3.74E+03,-3.35E+05,-1.37E+05,-3.19E+04,4.12E+03,1.68E+03,3.92E+02
,,,,,,,,,
,,,,,,,,,
,,,,,,,,,
2028-May-08 ,3.82E+06,-1.27E+07,-2.20E+04,-2.92E+05,-2.17E+05,-3.15E+04,3.60E+03,2.67E+03,3.87E+02
,,,,,,,,,
,,,,,,,,,
,,,,,,,,,
2028-May-09 ,3.90E+06,-1.25E+07,-4.78E+04,-2.33E+05,-2.85E+05,-2.92E+04,2.86E+03,3.51E+03,3.60E+02
,,,,,,,,,
,,,,,,,,,
,,,,,,,,,
2028-May-10 ,3.97E+06,-1.23E+07,-7.35E+04,-1.60E+05,-3.36E+05,-2.53E+04,1.96E+03,4.14E+03,3.11E+02
,,,,,,,,,
,,,,,,,,,
,,,,,,,,,
2028-May-11 ,4.03E+06,-1.21E+07,-9.93E+04,-7.78E+04,-3.69E+05,-2.00E+04,9.57E+02,4.54E+03,2.45E+02
,,,,,,,,,
,,,,,,,,,
,,,,,,,,,
2028-May-12 ,4.09E+06,-1.19E+07,-1.25E+05,8.05E+03,-3.83E+05,-1.35E+04,-9.91E+01,4.71E+03,1.67E+02
,,,,,,,,,
,,,,,,,,,
,,,,,,,,,
2028-May-13 ,4.15E+06,-1.17E+07,-1.51E+05,9.33E+04,-3.76E+05,-6.41E+03,-1.15E+03,4.63E+03,7.89E+01
,,,,,,,,,
,,,,,,,,,
,,,,,,,,,
2028-May-14 ,4.20E+06,-1.15E+07,-1.76E+05,1.74E+05,-3.52E+05,1.03E+03,-2.14E+03,4.32E+03,-1.27E+01
,,,,,,,,,
,,,,,,,,,
,,,,,,,,,
2028-May-15 ,4.24E+06,-1.13E+07,-2.02E+05,2.46E+05,-3.10E+05,8.43E+03,-3.03E+03,3.81E+03,-1.04E+02
,,,,,,,,,
,,,,,,,,,
,,,,,,,,,
2028-May-16 ,4.29E+06,-1.11E+07,-2.27E+05,3.06E+05,-2.54E+05,1.54E+04,-3.77E+03,3.12E+03,-1.90E+02
,,,,,,,,,
,,,,,,,,,
,,,,,,,,,
2028-May-17 ,4.32E+06,-1.09E+07,-2.53E+05,3.53E+05,-1.86E+05,2.17E+04,-4.34E+03,2.28E+03,-2.67E+02
,,,,,,,,,
,,,,,,,,,
,,,,,,,,,
2028-May-18 ,4.36E+06,-1.07E+07,-2.78E+05,3.83E+05,-1.09E+05,2.70E+04,-4.71E+03,1.34E+03,-3.32E+02
,,,,,,,,,
,,,,,,,,,
,,,,,,,,,
2028-May-19 ,4.39E+06,-1.05E+07,-3.04E+05,3.96E+05,-2.78E+04,3.11E+04,-4.87E+03,3.42E+02,-3.82E+02
,,,,,,,,,
,,,,,,,,,
,,,,,,,,,
2028-May-20 ,4.41E+06,-1.03E+07,-3.29E+05,3.90E+05,5.52E+04,3.37E+04,-4.80E+03,-6.79E+02,-4.15E+02
,,,,,,,,,
,,,,,,,,,
,,,,,,,,,
2028-May-21 ,4.44E+06,-1.01E+07,-3.54E+05,3.66E+05,1.36E+05,3.47E+04,-4.51E+03,-1.67E+03,-4.27E+02
,,,,,,,,,
,,,,,,,,,
,,,,,,,,,
2028-May-22 ,4.45E+06,-9.94E+06,-3.79E+05,3.25E+05,2.10E+05,3.41E+04,-4.00E+03,-2.58E+03,-4.19E+02
,,,,,,,,,
,,,,,,,,,
,,,,,,,,,
2028-May-23 ,4.47E+06,-9.75E+06,-4.04E+05,2.68E+05,2.74E+05,3.18E+04,-3.29E+03,-3.37E+03,-3.91E+02
,,,,,,,,,
,,,,,,,,,
,,,,,,,,,
2028-May-24 ,4.48E+06,-9.57E+06,-4.29E+05,1.97E+05,3.24E+05,2.78E+04,-2.42E+03,-3.99E+03,-3.42E+02
,,,,,,,,,
,,,,,,,,,
,,,,,,,,,
2028-May-25 ,4.49E+06,-9.39E+06,-4.54E+05,1.16E+05,3.57E+05,2.24E+04,-1.42E+03,-4.40E+03,-2.75E+02
,,,,,,,,,
,,,,,,,,,
,,,,,,,,,
2028-May-26 ,4.49E+06,-9.22E+06,-4.79E+05,2.86E+04,3.72E+05,1.57E+04,-3.52E+02,-4.57E+03,-1.93E+02
,,,,,,,,,
,,,,,,,,,
,,,,,,,,,
2028-May-27 ,4.49E+06,-9.04E+06,-5.03E+05,-6.01E+04,3.65E+05,8.20E+03,7.39E+02,-4.49E+03,-1.01E+02
,,,,,,,,,
,,,,,,,,,
,,,,,,,,,
2028-May-28 ,4.49E+06,-8.87E+06,-5.28E+05,-1.45E+05,3.38E+05,2.13E+02,1.79E+03,-4.16E+03,-2.62E+00
,,,,,,,,,
,,,,,,,,,
,,,,,,,,,
2028-May-29 ,4.48E+06,-8.70E+06,-5.52E+05,-2.22E+05,2.92E+05,-7.79E+03,2.73E+03,-3.59E+03,9.58E+01
,,,,,,,,,
,,,,,,,,,
,,,,,,,,,
2028-May-30 ,4.48E+06,-8.54E+06,-5.76E+05,-2.85E+05,2.28E+05,-1.53E+04,3.51E+03,-2.81E+03,1.89E+02
,,,,,,,,,
,,,,,,,,,
,,,,,,,,,
2028-May-31 ,4.46E+06,-8.37E+06,-6.00E+05,-3.32E+05,1.51E+05,-2.20E+04,4.08E+03,-1.86E+03,2.70E+02
,,,,,,,,,
,,,,,,,,,
,,,,,,,,,
2028-Jun-01 ,4.45E+06,-8.21E+06,-6.24E+05,-3.58E+05,6.54E+04,-2.73E+04,4.41E+03,-8.04E+02,3.36E+02
,,,,,,,,,
,,,,,,,,,
,,,,,,,,,
2028-Jun-02 ,4.43E+06,-8.05E+06,-6.48E+05,-3.64E+05,-2.45E+04,-3.10E+04,4.48E+03,3.01E+02,3.81E+02
,,,,,,,,,
,,,,,,,,,
,,,,,,,,,
2028-Jun-03 ,4.41E+06,-7.90E+06,-6.71E+05,-3.48E+05,-1.13E+05,-3.29E+04,4.28E+03,1.39E+03,4.04E+02
,,,,,,,,,
,,,,,,,,,
,,,,,,,,,
2028-Jun-04 ,4.39E+06,-7.74E+06,-6.94E+05,-3.11E+05,-1.95E+05,-3.28E+04,3.83E+03,2.40E+03,4.03E+02
,,,,,,,,,
,,,,,,,,,
,,,,,,,,,
2028-Jun-05 ,4.36E+06,-7.59E+06,-7.18E+05,-2.57E+05,-2.66E+05,-3.08E+04,3.16E+03,3.27E+03,3.79E+02
,,,,,,,,,
,,,,,,,,,
,,,,,,,,,
2028-Jun-06 ,4.34E+06,-7.45E+06,-7.41E+05,-1.88E+05,-3.23E+05,-2.71E+04,2.31E+03,3.97E+03,3.34E+02
,,,,,,,,,
,,,,,,,,,
,,,,,,,,,
2028-Jun-07 ,4.31E+06,-7.30E+06,-7.63E+05,-1.09E+05,-3.61E+05,-2.19E+04,1.34E+03,4.44E+03,2.70E+02
,,,,,,,,,
,,,,,,,,,
,,,,,,,,,
2028-Jun-08 ,4.27E+06,-7.16E+06,-7.86E+05,-2.40E+04,-3.81E+05,-1.55E+04,2.95E+02,4.68E+03,1.91E+02
,,,,,,,,,
,,,,,,,,,
,,,,,,,,,
2028-Jun-09 ,4.24E+06,-7.02E+06,-8.08E+05,6.23E+04,-3.81E+05,-8.35E+03,-7.66E+02,4.68E+03,1.03E+02
,,,,,,,,,
,,,,,,,,,
,,,,,,,,,
2028-Jun-10 ,4.20E+06,-6.88E+06,-8.31E+05,1.45E+05,-3.62E+05,-7.22E+02,-1.79E+03,4.45E+03,8.89E+00
,,,,,,,,,
,,,,,,,,,
,,,,,,,,,
2028-Jun-11 ,4.16E+06,-6.75E+06,-8.53E+05,2.21E+05,-3.25E+05,6.94E+03,-2.72E+03,4.00E+03,-8.54E+01
,,,,,,,,,
,,,,,,,,,
,,,,,,,,,
2028-Jun-12 ,4.12E+06,-6.62E+06,-8.74E+05,2.86E+05,-2.74E+05,1.43E+04,-3.52E+03,3.37E+03,-1.76E+02
,,,,,,,,,
,,,,,,,,,
,,,,,,,,,
2028-Jun-13 ,4.08E+06,-6.49E+06,-8.96E+05,3.38E+05,-2.09E+05,2.09E+04,-4.16E+03,2.57E+03,-2.58E+02
,,,,,,,,,
,,,,,,,,,
,,,,,,,,,
2028-Jun-14 ,4.04E+06,-6.37E+06,-9.17E+05,3.75E+05,-1.35E+05,2.66E+04,-4.61E+03,1.67E+03,-3.28E+02
,,,,,,,,,
,,,,,,,,,
,,,,,,,,,
2028-Jun-15 ,3.99E+06,-6.25E+06,-9.38E+05,3.94E+05,-5.54E+04,3.11E+04,-4.84E+03,6.82E+02,-3.83E+02
,,,,,,,,,
,,,,,,,,,
,,,,,,,,,
2028-Jun-16 ,3.95E+06,-6.13E+06,-9.59E+05,3.95E+05,2.71E+04,3.42E+04,-4.86E+03,-3.33E+02,-4.20E+02
,,,,,,,,,
,,,,,,,,,
,,,,,,,,,
2028-Jun-17 ,3.90E+06,-6.01E+06,-9.80E+05,3.78E+05,1.08E+05,3.57E+04,-4.64E+03,-1.33E+03,-4.39E+02
,,,,,,,,,
,,,,,,,,,
,,,,,,,,,
2028-Jun-18 ,3.85E+06,-5.90E+06,-1.00E+06,3.42E+05,1.85E+05,3.54E+04,-4.21E+03,-2.27E+03,-4.36E+02
,,,,,,,,,
,,,,,,,,,
,,,,,,,,,
2028-Jun-19 ,3.80E+06,-5.79E+06,-1.02E+06,2.91E+05,2.52E+05,3.35E+04,-3.57E+03,-3.10E+03,-4.12E+02
,,,,,,,,,
,,,,,,,,,
,,,,,,,,,
2028-Jun-20 ,3.74E+06,-5.68E+06,-1.04E+06,2.24E+05,3.07E+05,2.98E+04,-2.76E+03,-3.77E+03,-3.67E+02
,,,,,,,,,
,,,,,,,,,
,,,,,,,,,
2028-Jun-21 ,3.69E+06,-5.58E+06,-1.06E+06,1.46E+05,3.46E+05,2.46E+04,-1.79E+03,-4.25E+03,-3.03E+02
,,,,,,,,,
,,,,,,,,,
,,,,,,,,,
2028-Jun-22 ,3.64E+06,-5.48E+06,-1.08E+06,5.96E+04,3.66E+05,1.81E+04,-7.33E+02,-4.51E+03,-2.22E+02
,,,,,,,,,
,,,,,,,,,
,,,,,,,,,
2028-Jun-23 ,3.58E+06,-5.38E+06,-1.10E+06,-2.99E+04,3.66E+05,1.05E+04,3.68E+02,-4.51E+03,-1.29E+02
,,,,,,,,,
,,,,,,,,,
,,,,,,,,,
2028-Jun-24 ,3.53E+06,-5.29E+06,-1.12E+06,-1.18E+05,3.45E+05,2.32E+03,1.45E+03,-4.25E+03,-2.85E+01
,,,,,,,,,
,,,,,,,,,
,,,,,,,,,
2028-Jun-25 ,3.47E+06,-5.20E+06,-1.13E+06,-1.98E+05,3.04E+05,-6.00E+03,2.44E+03,-3.74E+03,7.38E+01
,,,,,,,,,
,,,,,,,,,
,,,,,,,,,
2028-Jun-26 ,3.41E+06,-5.11E+06,-1.15E+06,-2.67E+05,2.44E+05,-1.40E+04,3.29E+03,-3.00E+03,1.72E+02
,,,,,,,,,
,,,,,,,,,
,,,,,,,,,
2028-Jun-27 ,3.35E+06,-5.02E+06,-1.17E+06,-3.19E+05,1.70E+05,-2.11E+04,3.93E+03,-2.09E+03,2.59E+02
,,,,,,,,,
,,,,,,,,,
,,,,,,,,,
2028-Jun-28 ,3.30E+06,-4.94E+06,-1.19E+06,-3.52E+05,8.53E+04,-2.69E+04,4.33E+03,-1.05E+03,3.31E+02
,,,,,,,,,
,,,,,,,,,
,,,,,,,,,
2028-Jun-29 ,3.24E+06,-4.86E+06,-1.21E+06,-3.64E+05,-4.28E+03,-3.11E+04,4.48E+03,5.26E+01,3.82E+02
,,,,,,,,,
,,,,,,,,,
,,,,,,,,,
2028-Jun-30 ,3.18E+06,-4.78E+06,-1.22E+06,-3.54E+05,-9.36E+04,-3.34E+04,4.36E+03,1.15E+03,4.11E+02
,,,,,,,,,
,,,,,,,,,
,,,,,,,,,
2028-Jul-01 ,3.12E+06,-4.70E+06,-1.24E+06,-3.23E+05,-1.77E+05,-3.38E+04,3.98E+03,2.18E+03,4.16E+02
,,,,,,,,,
,,,,,,,,,
,,,,,,,,,
2028-Jul-02 ,3.06E+06,-4.63E+06,-1.25E+06,-2.74E+05,-2.51E+05,-3.23E+04,3.37E+03,3.09E+03,3.97E+02
,,,,,,,,,
,,,,,,,,,
,,,,,,,,,
2028-Jul-03 ,3.00E+06,-4.56E+06,-1.27E+06,-2.10E+05,-3.11E+05,-2.90E+04,2.58E+03,3.83E+03,3.56E+02
,,,,,,,,,
,,,,,,,,,
,,,,,,,,,
2028-Jul-04 ,2.94E+06,-4.50E+06,-1.29E+06,-1.34E+05,-3.55E+05,-2.41E+04,1.65E+03,4.36E+03,2.96E+02
,,,,,,,,,
,,,,,,,,,
,,,,,,,,,
2028-Jul-05 ,2.88E+06,-4.43E+06,-1.30E+06,-5.08E+04,-3.79E+05,-1.79E+04,6.24E+02,4.67E+03,2.20E+02
,,,,,,,,,
,,,,,,,,,
,,,,,,,,,
2028-Jul-06 ,2.82E+06,-4.37E+06,-1.32E+06,3.51E+04,-3.85E+05,-1.08E+04,-4.31E+02,4.73E+03,1.32E+02
,,,,,,,,,
,,,,,,,,,
,,,,,,,,,
2028-Jul-07 ,2.76E+06,-4.31E+06,-1.33E+06,1.19E+05,-3.71E+05,-3.10E+03,-1.47E+03,4.57E+03,3.81E+01
,,,,,,,,,
,,,,,,,,,
,,,,,,,,,
2028-Jul-08 ,2.70E+06,-4.26E+06,-1.34E+06,1.98E+05,-3.40E+05,4.71E+03,-2.43E+03,4.18E+03,-5.79E+01
,,,,,,,,,
,,,,,,,,,
,,,,,,,,,
2028-Jul-09 ,2.64E+06,-4.20E+06,-1.36E+06,2.67E+05,-2.92E+05,1.23E+04,-3.28E+03,3.60E+03,-1.51E+02
,,,,,,,,,
,,,,,,,,,
,,,,,,,,,
2028-Jul-10 ,2.58E+06,-4.15E+06,-1.37E+06,3.23E+05,-2.31E+05,1.93E+04,-3.98E+03,2.85E+03,-2.37E+02
,,,,,,,,,
,,,,,,,,,
,,,,,,,,,
2028-Jul-11 ,2.53E+06,-4.10E+06,-1.38E+06,3.65E+05,-1.60E+05,2.54E+04,-4.49E+03,1.97E+03,-3.13E+02
,,,,,,,,,
,,,,,,,,,
,,,,,,,,,
2028-Jul-12 ,2.47E+06,-4.06E+06,-1.40E+06,3.90E+05,-8.16E+04,3.04E+04,-4.80E+03,1.00E+03,-3.74E+02
,,,,,,,,,
,,,,,,,,,
,,,,,,,,,
2028-Jul-13 ,2.41E+06,-4.01E+06,-1.41E+06,3.98E+05,3.30E+02,3.39E+04,-4.89E+03,-4.06E+00,-4.18E+02
,,,,,,,,,
,,,,,,,,,
,,,,,,,,,
2028-Jul-14 ,2.36E+06,-3.97E+06,-1.42E+06,3.87E+05,8.22E+04,3.60E+04,-4.76E+03,-1.01E+03,-4.42E+02
,,,,,,,,,
,,,,,,,,,
,,,,,,,,,
2028-Jul-15 ,2.30E+06,-3.93E+06,-1.43E+06,3.59E+05,1.60E+05,3.63E+04,-4.41E+03,-1.97E+03,-4.47E+02
,,,,,,,,,
,,,,,,,,,
,,,,,,,,,
2028-Jul-16 ,2.24E+06,-3.89E+06,-1.44E+06,3.13E+05,2.31E+05,3.50E+04,-3.85E+03,-2.84E+03,-4.30E+02
,,,,,,,,,
,,,,,,,,,
,,,,,,,,,
2028-Jul-17 ,2.19E+06,-3.86E+06,-1.45E+06,2.52E+05,2.90E+05,3.19E+04,-3.10E+03,-3.56E+03,-3.92E+02
,,,,,,,,,
,,,,,,,,,
,,,,,,,,,
2028-Jul-18 ,2.14E+06,-3.83E+06,-1.46E+06,1.78E+05,3.34E+05,2.72E+04,-2.20E+03,-4.11E+03,-3.34E+02
,,,,,,,,,
,,,,,,,,,
,,,,,,,,,
2028-Jul-19 ,2.08E+06,-3.80E+06,-1.47E+06,9.52E+04,3.61E+05,2.11E+04,-1.17E+03,-4.44E+03,-2.59E+02
,,,,,,,,,
,,,,,,,,,
,,,,,,,,,
2028-Jul-20 ,2.03E+06,-3.77E+06,-1.48E+06,6.57E+03,3.68E+05,1.38E+04,-8.08E+01,-4.53E+03,-1.69E+02
,,,,,,,,,
,,,,,,,,,
,,,,,,,,,
2028-Jul-21 ,1.98E+06,-3.74E+06,-1.49E+06,-8.25E+04,3.54E+05,5.66E+03,1.02E+03,-4.36E+03,-6.96E+01
,,,,,,,,,
,,,,,,,,,
,,,,,,,,,
2028-Jul-22 ,1.93E+06,-3.71E+06,-1.50E+06,-1.67E+05,3.19E+05,-2.77E+03,2.05E+03,-3.93E+03,3.41E+01
,,,,,,,,,
,,,,,,,,,
,,,,,,,,,
2028-Jul-23 ,1.89E+06,-3.69E+06,-1.51E+06,-2.41E+05,2.65E+05,-1.10E+04,2.96E+03,-3.25E+03,1.36E+02
,,,,,,,,,
,,,,,,,,,
,,,,,,,,,
2028-Jul-24 ,1.84E+06,-3.67E+06,-1.51E+06,-3.00E+05,1.94E+05,-1.86E+04,3.69E+03,-2.38E+03,2.29E+02
,,,,,,,,,
,,,,,,,,,
,,,,,,,,,
2028-Jul-25 ,1.79E+06,-3.65E+06,-1.52E+06,-3.40E+05,1.10E+05,-2.50E+04,4.18E+03,-1.36E+03,3.07E+02
,,,,,,,,,
,,,,,,,,,
,,,,,,,,,
2028-Jul-26 ,1.75E+06,-3.63E+06,-1.53E+06,-3.58E+05,2.05E+04,-2.98E+04,4.41E+03,-2.52E+02,3.66E+02
,,,,,,,,,
,,,,,,,,,
,,,,,,,,,
2028-Jul-27 ,1.70E+06,-3.62E+06,-1.53E+06,-3.55E+05,-7.06E+04,-3.27E+04,4.37E+03,8.68E+02,4.03E+02
,,,,,,,,,
,,,,,,,,,
,,,,,,,,,
2028-Jul-28 ,1.66E+06,-3.60E+06,-1.54E+06,-3.30E+05,-1.57E+05,-3.37E+04,4.06E+03,1.94E+03,4.15E+02
,,,,,,,,,
,,,,,,,,,
,,,,,,,,,
2028-Jul-29 ,1.62E+06,-3.59E+06,-1.54E+06,-2.86E+05,-2.35E+05,-3.27E+04,3.52E+03,2.89E+03,4.02E+02
,,,,,,,,,
,,,,,,,,,
,,,,,,,,,
2028-Jul-30 ,1.58E+06,-3.58E+06,-1.55E+06,-2.26E+05,-2.99E+05,-2.99E+04,2.78E+03,3.68E+03,3.67E+02
,,,,,,,,,
,,,,,,,,,
,,,,,,,,,
2028-Jul-31 ,1.54E+06,-3.56E+06,-1.55E+06,-1.53E+05,-3.47E+05,-2.54E+04,1.88E+03,4.27E+03,3.12E+02
,,,,,,,,,
,,,,,,,,,
,,,,,,,,,
2028-Aug-01 ,1.50E+06,-3.56E+06,-1.56E+06,-7.18E+04,-3.77E+05,-1.95E+04,8.83E+02,4.63E+03,2.40E+02
,,,,,,,,,
,,,,,,,,,
,,,,,,,,,
2028-Aug-02 ,1.47E+06,-3.55E+06,-1.56E+06,1.30E+04,-3.87E+05,-1.27E+04,-1.61E+02,4.76E+03,1.56E+02
,,,,,,,,,
,,,,,,,,,
,,,,,,,,,
2028-Aug-03 ,1.44E+06,-3.54E+06,-1.56E+06,9.74E+04,-3.79E+05,-5.24E+03,-1.20E+03,4.66E+03,6.44E+01
,,,,,,,,,
,,,,,,,,,
,,,,,,,,,
2028-Aug-04 ,1.40E+06,-3.53E+06,-1.57E+06,1.77E+05,-3.52E+05,2.50E+03,-2.18E+03,4.33E+03,-3.07E+01
,,,,,,,,,
,,,,,,,,,
,,,,,,,,,
2028-Aug-05 ,1.37E+06,-3.53E+06,-1.57E+06,2.49E+05,-3.08E+05,1.01E+04,-3.06E+03,3.79E+03,-1.24E+02
,,,,,,,,,
,,,,,,,,,
,,,,,,,,,
2028-Aug-06 ,1.34E+06,-3.53E+06,-1.57E+06,3.09E+05,-2.51E+05,1.73E+04,-3.80E+03,3.08E+03,-2.12E+02
,,,,,,,,,
,,,,,,,,,
,,,,,,,,,
2028-Aug-07 ,1.31E+06,-3.52E+06,-1.57E+06,3.55E+05,-1.82E+05,2.36E+04,-4.37E+03,2.24E+03,-2.90E+02
,,,,,,,,,
,,,,,,,,,
,,,,,,,,,
2028-Aug-08 ,1.29E+06,-3.52E+06,-1.57E+06,3.86E+05,-1.05E+05,2.89E+04,-4.74E+03,1.29E+03,-3.55E+02
,,,,,,,,,
,,,,,,,,,
,,,,,,,,,
2028-Aug-09 ,1.26E+06,-3.52E+06,-1.57E+06,3.99E+05,-2.36E+04,3.28E+04,-4.91E+03,2.91E+02,-4.04E+02
,,,,,,,,,
,,,,,,,,,
,,,,,,,,,
2028-Aug-10 ,1.24E+06,-3.52E+06,-1.57E+06,3.94E+05,5.87E+04,3.53E+04,-4.85E+03,-7.22E+02,-4.35E+02
,,,,,,,,,
,,,,,,,,,
,,,,,,,,,
2028-Aug-11 ,1.22E+06,-3.52E+06,-1.57E+06,3.71E+05,1.38E+05,3.62E+04,-4.57E+03,-1.70E+03,-4.45E+02
,,,,,,,,,
,,,,,,,,,
,,,,,,,,,
2028-Aug-12 ,1.20E+06,-3.52E+06,-1.57E+06,3.32E+05,2.11E+05,3.54E+04,-4.08E+03,-2.60E+03,-4.36E+02
,,,,,,,,,
,,,,,,,,,
,,,,,,,,,
2028-Aug-13 ,1.18E+06,-3.53E+06,-1.56E+06,2.77E+05,2.74E+05,3.29E+04,-3.40E+03,-3.37E+03,-4.05E+02
,,,,,,,,,
,,,,,,,,,
,,,,,,,,,
2028-Aug-14 ,1.16E+06,-3.53E+06,-1.56E+06,2.08E+05,3.24E+05,2.89E+04,-2.56E+03,-3.98E+03,-3.55E+02
,,,,,,,,,
,,,,,,,,,
,,,,,,,,,
2028-Aug-15 ,1.15E+06,-3.53E+06,-1.56E+06,1.29E+05,3.57E+05,2.33E+04,-1.59E+03,-4.39E+03,-2.87E+02
,,,,,,,,,
,,,,,,,,,
,,,,,,,,,
2028-Aug-16 ,1.13E+06,-3.53E+06,-1.56E+06,4.29E+04,3.71E+05,1.66E+04,-5.28E+02,-4.57E+03,-2.04E+02
,,,,,,,,,
,,,,,,,,,
,,,,,,,,,
2028-Aug-17 ,1.12E+06,-3.54E+06,-1.55E+06,-4.55E+04,3.65E+05,8.90E+03,5.60E+02,-4.49E+03,-1.09E+02
,,,,,,,,,
,,,,,,,,,
,,,,,,,,,
2028-Aug-18 ,1.11E+06,-3.54E+06,-1.55E+06,-1.32E+05,3.38E+05,7.01E+02,1.62E+03,-4.16E+03,-8.63E+00
,,,,,,,,,
,,,,,,,,,
,,,,,,,,,
2028-Aug-19 ,1.10E+06,-3.55E+06,-1.54E+06,-2.10E+05,2.90E+05,-7.53E+03,2.58E+03,-3.57E+03,9.27E+01
,,,,,,,,,
,,,,,,,,,
,,,,,,,,,
2028-Aug-20 ,1.10E+06,-3.55E+06,-1.54E+06,-2.75E+05,2.24E+05,-1.53E+04,3.38E+03,-2.76E+03,1.88E+02
,,,,,,,,,
,,,,,,,,,
,,,,,,,,,
2028-Aug-21 ,1.09E+06,-3.56E+06,-1.53E+06,-3.22E+05,1.44E+05,-2.21E+04,3.96E+03,-1.77E+03,2.71E+02
,,,,,,,,,
,,,,,,,,,
,,,,,,,,,
2028-Aug-22 ,1.09E+06,-3.56E+06,-1.52E+06,-3.49E+05,5.47E+04,-2.74E+04,4.29E+03,-6.72E+02,3.37E+02
,,,,,,,,,
,,,,,,,,,
,,,,,,,,,
2028-Aug-23 ,1.09E+06,-3.57E+06,-1.52E+06,-3.53E+05,-3.82E+04,-3.09E+04,4.35E+03,4.70E+02,3.80E+02
,,,,,,,,,
,,,,,,,,,
,,,,,,,,,
2028-Aug-24 ,1.09E+06,-3.57E+06,-1.51E+06,-3.35E+05,-1.29E+05,-3.25E+04,4.12E+03,1.58E+03,3.99E+02
,,,,,,,,,
,,,,,,,,,
,,,,,,,,,
2028-Aug-25 ,1.09E+06,-3.58E+06,-1.50E+06,-2.96E+05,-2.11E+05,-3.20E+04,3.65E+03,2.59E+03,3.94E+02
,,,,,,,,,
,,,,,,,,,
,,,,,,,,,
2028-Aug-26 ,1.09E+06,-3.58E+06,-1.49E+06,-2.40E+05,-2.81E+05,-2.97E+04,2.95E+03,3.45E+03,3.65E+02
,,,,,,,,,
,,,,,,,,,
,,,,,,,,,
2028-Aug-27 ,1.09E+06,-3.59E+06,-1.48E+06,-1.70E+05,-3.34E+05,-2.56E+04,2.09E+03,4.11E+03,3.15E+02
,,,,,,,,,
,,,,,,,,,
,,,,,,,,,
2028-Aug-28 ,1.10E+06,-3.59E+06,-1.48E+06,-9.09E+04,-3.70E+05,-2.02E+04,1.12E+03,4.55E+03,2.48E+02
,,,,,,,,,
,,,,,,,,,
,,,,,,,,,
2028-Aug-29 ,1.11E+06,-3.59E+06,-1.47E+06,-6.75E+03,-3.86E+05,-1.37E+04,8.30E+01,4.75E+03,1.68E+02
,,,,,,,,,
,,,,,,,,,
,,,,,,,,,
2028-Aug-30 ,1.12E+06,-3.60E+06,-1.46E+06,7.79E+04,-3.82E+05,-6.45E+03,-9.58E+02,4.70E+03,7.93E+01
,,,,,,,,,
,,,,,,,,,
,,,,,,,,,
2028-Aug-31 ,1.13E+06,-3.60E+06,-1.44E+06,1.59E+05,-3.60E+05,1.08E+03,-1.95E+03,4.43E+03,-1.32E+01
,,,,,,,,,
,,,,,,,,,
,,,,,,,,,
2028-Sep-01 ,1.14E+06,-3.61E+06,-1.43E+06,2.33E+05,-3.21E+05,8.55E+03,-2.86E+03,3.95E+03,-1.05E+02
,,,,,,,,,
,,,,,,,,,
,,,,,,,,,
2028-Sep-02 ,1.15E+06,-3.61E+06,-1.42E+06,2.96E+05,-2.67E+05,1.56E+04,-3.64E+03,3.29E+03,-1.92E+02
,,,,,,,,,
,,,,,,,,,
,,,,,,,,,
2028-Sep-03 ,1.17E+06,-3.61E+06,-1.41E+06,3.46E+05,-2.01E+05,2.20E+04,-4.25E+03,2.47E+03,-2.70E+02
,,,,,,,,,
,,,,,,,,,
,,,,,,,,,
2028-Sep-04 ,1.19E+06,-3.61E+06,-1.40E+06,3.80E+05,-1.26E+05,2.74E+04,-4.67E+03,1.55E+03,-3.36E+02
,,,,,,,,,
,,,,,,,,,
,,,,,,,,,
2028-Sep-05 ,1.20E+06,-3.61E+06,-1.38E+06,3.98E+05,-4.51E+04,3.15E+04,-4.89E+03,5.55E+02,-3.87E+02
,,,,,,,,,
,,,,,,,,,
,,,,,,,,,
2028-Sep-06 ,1.22E+06,-3.62E+06,-1.37E+06,3.98E+05,3.76E+04,3.42E+04,-4.89E+03,-4.62E+02,-4.21E+02
,,,,,,,,,
,,,,,,,,,
,,,,,,,,,
2028-Sep-07 ,1.24E+06,-3.62E+06,-1.36E+06,3.80E+05,1.18E+05,3.54E+04,-4.68E+03,-1.46E+03,-4.35E+02
,,,,,,,,,
,,,,,,,,,
,,,,,,,,,
2028-Sep-08 ,1.27E+06,-3.61E+06,-1.34E+06,3.46E+05,1.94E+05,3.49E+04,-4.25E+03,-2.38E+03,-4.30E+02
,,,,,,,,,
,,,,,,,,,
,,,,,,,,,
2028-Sep-09 ,1.29E+06,-3.61E+06,-1.33E+06,2.95E+05,2.60E+05,3.29E+04,-3.63E+03,-3.20E+03,-4.04E+02
,,,,,,,,,
,,,,,,,,,
,,,,,,,,,
2028-Sep-10 ,1.32E+06,-3.61E+06,-1.31E+06,2.31E+05,3.14E+05,2.92E+04,-2.84E+03,-3.87E+03,-3.60E+02
,,,,,,,,,
,,,,,,,,,
,,,,,,,,,
2028-Sep-11 ,1.34E+06,-3.61E+06,-1.30E+06,1.56E+05,3.53E+05,2.42E+04,-1.92E+03,-4.34E+03,-2.98E+02
,,,,,,,,,
,,,,,,,,,
,,,,,,,,,
2028-Sep-12 ,1.37E+06,-3.61E+06,-1.28E+06,7.29E+04,3.74E+05,1.80E+04,-8.97E+02,-4.60E+03,-2.21E+02
,,,,,,,,,
,,,,,,,,,
,,,,,,,,,
2028-Sep-13 ,1.40E+06,-3.60E+06,-1.26E+06,-1.39E+04,3.75E+05,1.08E+04,1.70E+02,-4.61E+03,-1.32E+02
,,,,,,,,,
,,,,,,,,,
,,,,,,,,,
2028-Sep-14 ,1.43E+06,-3.60E+06,-1.25E+06,-9.99E+04,3.56E+05,2.99E+03,1.23E+03,-4.38E+03,-3.68E+01
,,,,,,,,,
,,,,,,,,,
,,,,,,,,,
2028-Sep-15 ,1.46E+06,-3.59E+06,-1.23E+06,-1.80E+05,3.16E+05,-4.96E+03,2.22E+03,-3.89E+03,6.10E+01
,,,,,,,,,
,,,,,,,,,
,,,,,,,,,
2028-Sep-16 ,1.49E+06,-3.58E+06,-1.21E+06,-2.50E+05,2.57E+05,-1.26E+04,3.07E+03,-3.16E+03,1.55E+02
,,,,,,,,,
,,,,,,,,,
,,,,,,,,,
2028-Sep-17 ,1.53E+06,-3.57E+06,-1.19E+06,-3.04E+05,1.82E+05,-1.95E+04,3.74E+03,-2.24E+03,2.39E+02
,,,,,,,,,
,,,,,,,,,
,,,,,,,,,
2028-Sep-18 ,1.56E+06,-3.56E+06,-1.18E+06,-3.39E+05,9.58E+04,-2.50E+04,4.17E+03,-1.18E+03,3.08E+02
,,,,,,,,,
,,,,,,,,,
,,,,,,,,,
2028-Sep-19 ,1.60E+06,-3.55E+06,-1.16E+06,-3.52E+05,2.95E+03,-2.90E+04,4.33E+03,-3.63E+01,3.57E+02
,,,,,,,,,
,,,,,,,,,
,,,,,,,,,
2028-Sep-20 ,1.64E+06,-3.54E+06,-1.14E+06,-3.42E+05,-9.01E+04,-3.10E+04,4.20E+03,1.11E+03,3.82E+02
,,,,,,,,,
,,,,,,,,,
,,,,,,,,,
2028-Sep-21 ,1.67E+06,-3.53E+06,-1.12E+06,-3.10E+05,-1.77E+05,-3.10E+04,3.81E+03,2.18E+03,3.82E+02
,,,,,,,,,
,,,,,,,,,
,,,,,,,,,
2028-Sep-22 ,1.71E+06,-3.52E+06,-1.10E+06,-2.58E+05,-2.53E+05,-2.91E+04,3.18E+03,3.12E+03,3.58E+02
,,,,,,,,,
,,,,,,,,,
,,,,,,,,,
2028-Sep-23 ,1.75E+06,-3.50E+06,-1.08E+06,-1.91E+05,-3.14E+05,-2.54E+04,2.36E+03,3.86E+03,3.12E+02
,,,,,,,,,
,,,,,,,,,
,,,,,,,,,
2028-Sep-24 ,1.79E+06,-3.49E+06,-1.06E+06,-1.14E+05,-3.56E+05,-2.02E+04,1.40E+03,4.38E+03,2.48E+02
,,,,,,,,,
,,,,,,,,,
,,,,,,,,,
2028-Sep-25 ,1.84E+06,-3.47E+06,-1.04E+06,-2.97E+04,-3.79E+05,-1.39E+04,3.66E+02,4.67E+03,1.71E+02
,,,,,,,,,
,,,,,,,,,
,,,,,,,,,
2028-Sep-26 ,1.88E+06,-3.45E+06,-1.02E+06,5.58E+04,-3.82E+05,-6.86E+03,-6.86E+02,4.70E+03,8.43E+01
,,,,,,,,,
,,,,,,,,,
,,,,,,,,,
2028-Sep-27 ,1.92E+06,-3.43E+06,-9.94E+05,1.39E+05,-3.66E+05,5.30E+02,-1.70E+03,4.50E+03,-6.52E+00
,,,,,,,,,
,,,,,,,,,
,,,,,,,,,
2028-Sep-28 ,1.97E+06,-3.41E+06,-9.72E+05,2.15E+05,-3.31E+05,7.89E+03,-2.64E+03,4.08E+03,-9.71E+01
,,,,,,,,,
,,,,,,,,,
,,,,,,,,,
2028-Sep-29 ,2.01E+06,-3.39E+06,-9.49E+05,2.81E+05,-2.81E+05,1.49E+04,-3.45E+03,3.46E+03,-1.83E+02
,,,,,,,,,
,,,,,,,,,
,,,,,,,,,
2028-Sep-30 ,2.06E+06,-3.37E+06,-9.27E+05,3.34E+05,-2.18E+05,2.12E+04,-4.11E+03,2.69E+03,-2.61E+02
,,,,,,,,,
,,,,,,,,,
,,,,,,,,,
2028-Oct-01 ,2.11E+06,-3.34E+06,-9.04E+05,3.73E+05,-1.45E+05,2.65E+04,-4.58E+03,1.79E+03,-3.26E+02
,,,,,,,,,
,,,,,,,,,
,,,,,,,,,
2028-Oct-02 ,2.16E+06,-3.32E+06,-8.81E+05,3.95E+05,-6.58E+04,3.07E+04,-4.85E+03,8.10E+02,-3.77E+02
,,,,,,,,,
,,,,,,,,,
,,,,,,,,,
2028-Oct-03 ,2.20E+06,-3.29E+06,-8.57E+05,3.99E+05,1.68E+04,3.34E+04,-4.91E+03,-2.07E+02,-4.11E+02
,,,,,,,,,
,,,,,,,,,
,,,,,,,,,
2028-Oct-04 ,2.25E+06,-3.26E+06,-8.33E+05,3.86E+05,9.87E+04,3.47E+04,-4.75E+03,-1.21E+03,-4.27E+02
,,,,,,,,,
,,,,,,,,,
,,,,,,,,,
2028-Oct-05 ,2.30E+06,-3.23E+06,-8.09E+05,3.55E+05,1.76E+05,3.43E+04,-4.37E+03,-2.17E+03,-4.22E+02
,,,,,,,,,
,,,,,,,,,
,,,,,,,,,
2028-Oct-06 ,2.35E+06,-3.20E+06,-7.85E+05,3.09E+05,2.46E+05,3.24E+04,-3.80E+03,-3.02E+03,-3.99E+02
,,,,,,,,,
,,,,,,,,,
,,,,,,,,,
2028-Oct-07 ,2.40E+06,-3.17E+06,-7.60E+05,2.48E+05,3.04E+05,2.90E+04,-3.05E+03,-3.73E+03,-3.57E+02
,,,,,,,,,
,,,,,,,,,
,,,,,,,,,
2028-Oct-08 ,2.46E+06,-3.14E+06,-7.35E+05,1.76E+05,3.47E+05,2.42E+04,-2.16E+03,-4.27E+03,-2.97E+02
,,,,,,,,,
,,,,,,,,,
,,,,,,,,,
2028-Oct-09 ,2.51E+06,-3.10E+06,-7.10E+05,9.51E+04,3.74E+05,1.82E+04,-1.17E+03,-4.59E+03,-2.23E+02
,,,,,,,,,
,,,,,,,,,
,,,,,,,,,
2028-Oct-10 ,2.56E+06,-3.07E+06,-6.85E+05,9.80E+03,3.81E+05,1.12E+04,-1.20E+02,-4.69E+03,-1.38E+02
,,,,,,,,,
,,,,,,,,,
,,,,,,,,,
2028-Oct-11 ,2.61E+06,-3.03E+06,-6.59E+05,-7.59E+04,3.69E+05,3.72E+03,9.34E+02,-4.54E+03,-4.57E+01
,,,,,,,,,
,,,,,,,,,
,,,,,,,,,
2028-Oct-12 ,2.67E+06,-2.99E+06,-6.33E+05,-1.57E+05,3.36E+05,-4.00E+03,1.94E+03,-4.14E+03,4.92E+01
,,,,,,,,,
,,,,,,,,,
,,,,,,,,,
2028-Oct-13 ,2.72E+06,-2.95E+06,-6.07E+05,-2.30E+05,2.85E+05,-1.15E+04,2.83E+03,-3.51E+03,1.41E+02
,,,,,,,,,
,,,,,,,,,
,,,,,,,,,
2028-Oct-14 ,2.78E+06,-2.90E+06,-5.81E+05,-2.89E+05,2.17E+05,-1.83E+04,3.56E+03,-2.67E+03,2.25E+02
,,,,,,,,,
,,,,,,,,,
,,,,,,,,,
2028-Oct-15 ,2.83E+06,-2.86E+06,-5.55E+05,-3.31E+05,1.35E+05,-2.40E+04,4.07E+03,-1.66E+03,2.95E+02
,,,,,,,,,
,,,,,,,,,
,,,,,,,,,
2028-Oct-16 ,2.89E+06,-2.82E+06,-5.28E+05,-3.52E+05,4.50E+04,-2.81E+04,4.32E+03,-5.53E+02,3.46E+02
,,,,,,,,,
,,,,,,,,,
,,,,,,,,,
2028-Oct-17 ,2.94E+06,-2.77E+06,-5.01E+05,-3.50E+05,-4.82E+04,-3.05E+04,4.31E+03,5.93E+02,3.75E+02
,,,,,,,,,
,,,,,,,,,
,,,,,,,,,
2028-Oct-18 ,3.00E+06,-2.72E+06,-4.75E+05,-3.26E+05,-1.38E+05,-3.09E+04,4.01E+03,1.70E+03,3.80E+02
,,,,,,,,,
,,,,,,,,,
,,,,,,,,,
2028-Oct-19 ,3.06E+06,-2.67E+06,-4.47E+05,-2.81E+05,-2.20E+05,-2.92E+04,3.46E+03,2.70E+03,3.60E+02
,,,,,,,,,
,,,,,,,,,
,,,,,,,,,
2028-Oct-20 ,3.11E+06,-2.62E+06,-4.20E+05,-2.19E+05,-2.87E+05,-2.58E+04,2.69E+03,3.53E+03,3.17E+02
,,,,,,,,,
,,,,,,,,,
,,,,,,,,,
2028-Oct-21 ,3.17E+06,-2.57E+06,-3.93E+05,-1.44E+05,-3.38E+05,-2.07E+04,1.77E+03,4.15E+03,2.55E+02
,,,,,,,,,
,,,,,,,,,
,,,,,,,,,
2028-Oct-22 ,3.23E+06,-2.51E+06,-3.65E+05,-6.00E+04,-3.68E+05,-1.45E+04,7.38E+02,4.53E+03,1.78E+02
,,,,,,,,,
,,,,,,,,,
,,,,,,,,,
2028-Oct-23 ,3.28E+06,-2.46E+06,-3.38E+05,2.68E+04,-3.79E+05,-7.41E+03,-3.29E+02,4.66E+03,9.12E+01
,,,,,,,,,
,,,,,,,,,
,,,,,,,,,
2028-Oct-24 ,3.34E+06,-2.40E+06,-3.10E+05,1.12E+05,-3.69E+05,4.89E+01,-1.38E+03,4.54E+03,-6.01E-01
,,,,,,,,,
,,,,,,,,,
,,,,,,,,,
2028-Oct-25 ,3.40E+06,-2.34E+06,-2.82E+05,1.92E+05,-3.40E+05,7.51E+03,-2.36E+03,4.18E+03,-9.24E+01
,,,,,,,,,
,,,,,,,,,
,,,,,,,,,
2028-Oct-26 ,3.46E+06,-2.28E+06,-2.54E+05,2.62E+05,-2.95E+05,1.46E+04,-3.22E+03,3.63E+03,-1.80E+02
,,,,,,,,,
,,,,,,,,,
,,,,,,,,,
2028-Oct-27 ,3.51E+06,-2.22E+06,-2.26E+05,3.20E+05,-2.36E+05,2.10E+04,-3.93E+03,2.90E+03,-2.59E+02
,,,,,,,,,
,,,,,,,,,
,,,,,,,,,
2028-Oct-28 ,3.57E+06,-2.15E+06,-1.98E+05,3.63E+05,-1.66E+05,2.65E+04,-4.46E+03,2.04E+03,-3.25E+02
,,,,,,,,,
,,,,,,,,,
,,,,,,,,,
2028-Oct-29 ,3.63E+06,-2.09E+06,-1.70E+05,3.90E+05,-8.78E+04,3.07E+04,-4.79E+03,1.08E+03,-3.77E+02
,,,,,,,,,
,,,,,,,,,
,,,,,,,,,
2028-Oct-30 ,3.69E+06,-2.02E+06,-1.42E+05,3.99E+05,-5.87E+03,3.35E+04,-4.91E+03,7.22E+01,-4.12E+02
,,,,,,,,,
,,,,,,,,,
,,,,,,,,,
2028-Oct-31 ,3.75E+06,-1.95E+06,-1.13E+05,3.90E+05,7.65E+04,3.48E+04,-4.80E+03,-9.41E+02,-4.29E+02
,,,,,,,,,
,,,,,,,,,
,,,,,,,,,
2028-Nov-01 ,3.81E+06,-1.88E+06,-8.50E+04,3.64E+05,1.56E+05,3.46E+04,-4.48E+03,-1.91E+03,-4.25E+02
,,,,,,,,,
,,,,,,,,,
,,,,,,,,,
2028-Nov-02 ,3.86E+06,-1.81E+06,-5.67E+04,3.21E+05,2.28E+05,3.27E+04,-3.95E+03,-2.80E+03,-4.02E+02
,,,,,,,,,
,,,,,,,,,
,,,,,,,,,
2028-Nov-03 ,3.92E+06,-1.74E+06,-2.84E+04,2.64E+05,2.89E+05,2.93E+04,-3.24E+03,-3.56E+03,-3.60E+02
,,,,,,,,,
,,,,,,,,,
,,,,,,,,,
2028-Nov-04 ,3.98E+06,-1.66E+06,1.43E+01,1.94E+05,3.37E+05,2.44E+04,-2.38E+03,-4.15E+03,-3.01E+02
,,,,,,,,,
,,,,,,,,,
,,,,,,,,,
2028-Nov-05 ,4.04E+06,-1.58E+06,2.84E+04,1.14E+05,3.69E+05,1.84E+04,-1.41E+03,-4.53E+03,-2.26E+02
,,,,,,,,,
,,,,,,,,,
,,,,,,,,,
2028-Nov-06 ,4.10E+06,-1.51E+06,5.67E+04,2.94E+04,3.82E+05,1.15E+04,-3.62E+02,-4.69E+03,-1.41E+02
,,,,,,,,,
,,,,,,,,,
,,,,,,,,,
2028-Nov-07 ,4.15E+06,-1.43E+06,8.51E+04,-5.68E+04,3.75E+05,3.90E+03,6.98E+02,-4.61E+03,-4.80E+01
,,,,,,,,,
,,,,,,,,,
,,,,,,,,,
2028-Nov-08 ,4.21E+06,-1.34E+06,1.13E+05,-1.40E+05,3.49E+05,-3.85E+03,1.72E+03,-4.29E+03,4.74E+01
,,,,,,,,,
,,,,,,,,,
,,,,,,,,,
2028-Nov-09 ,4.27E+06,-1.26E+06,1.42E+05,-2.15E+05,3.03E+05,-1.14E+04,2.64E+03,-3.73E+03,1.40E+02
,,,,,,,,,
,,,,,,,,,
,,,,,,,,,
2028-Nov-10 ,4.33E+06,-1.18E+06,1.70E+05,-2.78E+05,2.41E+05,-1.83E+04,3.42E+03,-2.96E+03,2.25E+02
,,,,,,,,,
,,,,,,,,,
,,,,,,,,,
2028-Nov-11 ,4.39E+06,-1.09E+06,1.98E+05,-3.25E+05,1.65E+05,-2.41E+04,4.00E+03,-2.03E+03,2.97E+02
,,,,,,,,,
,,,,,,,,,
,,,,,,,,,
2028-Nov-12 ,4.44E+06,-9.99E+05,2.26E+05,-3.53E+05,7.84E+04,-2.85E+04,4.34E+03,-9.65E+02,3.51E+02
,,,,,,,,,
,,,,,,,,,
,,,,,,,,,
2028-Nov-13 ,4.50E+06,-9.08E+05,2.54E+05,-3.59E+05,-1.27E+04,-3.12E+04,4.41E+03,1.56E+02,3.83E+02
,,,,,,,,,
,,,,,,,,,
,,,,,,,,,
2028-Nov-14 ,4.56E+06,-8.15E+05,2.82E+05,-3.43E+05,-1.03E+05,-3.19E+04,4.21E+03,1.27E+03,3.92E+02
,,,,,,,,,
,,,,,,,,,
,,,,,,,,,
2028-Nov-15 ,4.61E+06,-7.21E+05,3.10E+05,-3.05E+05,-1.87E+05,-3.06E+04,3.76E+03,2.31E+03,3.76E+02
,,,,,,,,,
,,,,,,,,,
,,,,,,,,,
2028-Nov-16 ,4.67E+06,-6.25E+05,3.38E+05,-2.49E+05,-2.60E+05,-2.74E+04,3.07E+03,3.20E+03,3.37E+02
,,,,,,,,,
,,,,,,,,,
,,,,,,,,,
2028-Nov-17 ,4.73E+06,-5.27E+05,3.65E+05,-1.78E+05,-3.17E+05,-2.25E+04,2.19E+03,3.90E+03,2.77E+02
,,,,,,,,,
,,,,,,,,,
,,,,,,,,,
2028-Nov-18 ,4.78E+06,-4.27E+05,3.93E+05,-9.62E+04,-3.56E+05,-1.63E+04,1.18E+03,4.37E+03,2.01E+02
,,,,,,,,,
,,,,,,,,,
,,,,,,,,,
2028-Nov-19 ,4.84E+06,-3.25E+05,4.20E+05,-8.99E+03,-3.74E+05,-9.15E+03,1.11E+02,4.60E+03,1.12E+02
,,,,,,,,,
,,,,,,,,,
,,,,,,,,,
2028-Nov-20 ,4.89E+06,-2.21E+05,4.48E+05,7.86E+04,-3.71E+05,-1.46E+03,-9.66E+02,4.57E+03,1.80E+01
,,,,,,,,,
,,,,,,,,,
,,,,,,,,,
2028-Nov-21 ,4.95E+06,-1.15E+05,4.75E+05,1.62E+05,-3.49E+05,6.30E+03,-1.99E+03,4.30E+03,-7.75E+01
,,,,,,,,,
,,,,,,,,,
,,,,,,,,,
2028-Nov-22 ,5.00E+06,-7.35E+03,5.02E+05,2.37E+05,-3.10E+05,1.37E+04,-2.91E+03,3.81E+03,-1.69E+02
,,,,,,,,,
,,,,,,,,,
,,,,,,,,,
2028-Nov-23 ,5.06E+06,1.02E+05,5.29E+05,3.00E+05,-2.55E+05,2.05E+04,-3.69E+03,3.13E+03,-2.52E+02
,,,,,,,,,
,,,,,,,,,
,,,,,,,,,
2028-Nov-24 ,5.11E+06,2.14E+05,5.55E+05,3.49E+05,-1.88E+05,2.63E+04,-4.29E+03,2.31E+03,-3.24E+02
,,,,,,,,,
,,,,,,,,,
,,,,,,,,,
2028-Nov-25 ,5.16E+06,3.28E+05,5.82E+05,3.82E+05,-1.12E+05,3.09E+04,-4.70E+03,1.38E+03,-3.80E+02
,,,,,,,,,
,,,,,,,,,
,,,,,,,,,
2028-Nov-26 ,5.22E+06,4.44E+05,6.08E+05,3.97E+05,-3.15E+04,3.41E+04,-4.88E+03,3.87E+02,-4.19E+02
,,,,,,,,,
,,,,,,,,,
,,,,,,,,,
2028-Nov-27 ,5.27E+06,5.61E+05,6.34E+05,3.94E+05,5.09E+04,3.57E+04,-4.85E+03,-6.26E+02,-4.39E+02
,,,,,,,,,
,,,,,,,,,
,,,,,,,,,
2028-Nov-28 ,5.32E+06,6.81E+05,6.60E+05,3.74E+05,1.31E+05,3.56E+04,-4.60E+03,-1.61E+03,-4.38E+02
,,,,,,,,,
,,,,,,,,,
,,,,,,,,,
2028-Nov-29 ,5.37E+06,8.04E+05,6.86E+05,3.36E+05,2.05E+05,3.40E+04,-4.13E+03,-2.53E+03,-4.18E+02
,,,,,,,,,
,,,,,,,,,
,,,,,,,,,
2028-Nov-30 ,5.42E+06,9.28E+05,7.11E+05,2.82E+05,2.70E+05,3.07E+04,-3.47E+03,-3.33E+03,-3.77E+02
,,,,,,,,,
,,,,,,,,,
,,,,,,,,,
2028-Dec-01 ,5.47E+06,1.05E+06,7.37E+05,2.15E+05,3.22E+05,2.59E+04,-2.64E+03,-3.97E+03,-3.19E+02
,,,,,,,,,
,,,,,,,,,
,,,,,,,,,
2028-Dec-02 ,5.52E+06,1.18E+06,7.62E+05,1.37E+05,3.59E+05,1.99E+04,-1.69E+03,-4.41E+03,-2.44E+02
,,,,,,,,,
,,,,,,,,,
,,,,,,,,,
2028-Dec-03 ,5.57E+06,1.31E+06,7.86E+05,5.25E+04,3.77E+05,1.28E+04,-6.46E+02,-4.64E+03,-1.57E+02
,,,,,,,,,
,,,,,,,,,
,,,,,,,,,
2028-Dec-04 ,5.62E+06,1.45E+06,8.11E+05,-3.47E+04,3.76E+05,5.06E+03,4.27E+02,-4.63E+03,-6.23E+01
,,,,,,,,,
,,,,,,,,,
,,,,,,,,,
2028-Dec-05 ,5.66E+06,1.58E+06,8.35E+05,-1.20E+05,3.55E+05,-2.94E+03,1.47E+03,-4.37E+03,3.62E+01
,,,,,,,,,
,,,,,,,,,
,,,,,,,,,
2028-Dec-06 ,5.71E+06,1.72E+06,8.59E+05,-1.98E+05,3.15E+05,-1.08E+04,2.44E+03,-3.87E+03,1.33E+02
,,,,,,,,,
,,,,,,,,,
,,,,,,,,,
2028-Dec-07 ,5.75E+06,1.86E+06,8.83E+05,-2.66E+05,2.57E+05,-1.80E+04,3.27E+03,-3.16E+03,2.22E+02
,,,,,,,,,
,,,,,,,,,
,,,,,,,,,
2028-Dec-08 ,5.80E+06,2.00E+06,9.07E+05,-3.18E+05,1.84E+05,-2.42E+04,3.91E+03,-2.27E+03,2.98E+02
,,,,,,,,,
,,,,,,,,,
,,,,,,,,,
2028-Dec-09 ,5.84E+06,2.15E+06,9.30E+05,-3.51E+05,1.01E+05,-2.90E+04,4.32E+03,-1.24E+03,3.57E+02
,,,,,,,,,
,,,,,,,,,
,,,,,,,,,
2028-Dec-10 ,5.88E+06,2.29E+06,9.53E+05,-3.64E+05,1.20E+04,-3.21E+04,4.47E+03,-1.48E+02,3.95E+02
,,,,,,,,,
,,,,,,,,,
,,,,,,,,,
2028-Dec-11 ,5.92E+06,2.44E+06,9.76E+05,-3.55E+05,-7.78E+04,-3.32E+04,4.36E+03,9.57E+02,4.09E+02
,,,,,,,,,
,,,,,,,,,
,,,,,,,,,
2028-Dec-12 ,5.96E+06,2.59E+06,9.98E+05,-3.25E+05,-1.63E+05,-3.24E+04,3.99E+03,2.01E+03,3.99E+02
,,,,,,,,,
,,,,,,,,,
,,,,,,,,,
2028-Dec-13 ,6.00E+06,2.75E+06,1.02E+06,-2.75E+05,-2.39E+05,-2.96E+04,3.38E+03,2.94E+03,3.65E+02
,,,,,,,,,
,,,,,,,,,
,,,,,,,,,
2028-Dec-14 ,6.04E+06,2.90E+06,1.04E+06,-2.09E+05,-3.01E+05,-2.51E+04,2.57E+03,3.70E+03,3.09E+02
,,,,,,,,,
,,,,,,,,,
,,,,,,,,,
2028-Dec-15 ,6.07E+06,3.06E+06,1.06E+06,-1.31E+05,-3.45E+05,-1.91E+04,1.61E+03,4.24E+03,2.35E+02
,,,,,,,,,
,,,,,,,,,
,,,,,,,,,
2028-Dec-16 ,6.10E+06,3.23E+06,1.08E+06,-4.53E+04,-3.70E+05,-1.20E+04,5.57E+02,4.55E+03,1.48E+02
,,,,,,,,,
,,,,,,,,,
,,,,,,,,,
2028-Dec-17 ,6.14E+06,3.39E+06,1.11E+06,4.29E+04,-3.75E+05,-4.21E+03,-5.28E+02,4.61E+03,5.18E+01
,,,,,,,,,
,,,,,,,,,
,,,,,,,,,
2028-Dec-18 ,6.17E+06,3.56E+06,1.13E+06,1.29E+05,-3.59E+05,3.80E+03,-1.58E+03,4.42E+03,-4.67E+01
,,,,,,,,,
,,,,,,,,,
,,,,,,,,,
2028-Dec-19 ,6.20E+06,3.73E+06,1.15E+06,2.08E+05,-3.25E+05,1.16E+04,-2.56E+03,4.00E+03,-1.43E+02
,,,,,,,,,
,,,,,,,,,
,,,,,,,,,
2028-Dec-20 ,6.23E+06,3.90E+06,1.17E+06,2.77E+05,-2.75E+05,1.88E+04,-3.40E+03,3.38E+03,-2.32E+02
,,,,,,,,,
,,,,,,,,,
,,,,,,,,,
2028-Dec-21 ,6.25E+06,4.07E+06,1.19E+06,3.32E+05,-2.12E+05,2.52E+04,-4.08E+03,2.61E+03,-3.09E+02
,,,,,,,,,
,,,,,,,,,
,,,,,,,,,
2028-Dec-22 ,6.28E+06,4.25E+06,1.21E+06,3.71E+05,-1.39E+05,3.03E+04,-4.56E+03,1.71E+03,-3.72E+02
,,,,,,,,,
,,,,,,,,,
,,,,,,,,,
2028-Dec-23 ,6.30E+06,4.43E+06,1.22E+06,3.93E+05,-5.92E+04,3.40E+04,-4.84E+03,7.29E+02,-4.18E+02
,,,,,,,,,
,,,,,,,,,
,,,,,,,,,
2028-Dec-24 ,6.32E+06,4.61E+06,1.24E+06,3.97E+05,2.29E+04,3.61E+04,-4.89E+03,-2.82E+02,-4.45E+02
,,,,,,,,,
,,,,,,,,,
,,,,,,,,,
2028-Dec-25 ,6.34E+06,4.79E+06,1.26E+06,3.83E+05,1.04E+05,3.66E+04,-4.71E+03,-1.28E+03,-4.51E+02
,,,,,,,,,
,,,,,,,,,
,,,,,,,,,
2028-Dec-26 ,6.36E+06,4.98E+06,1.28E+06,3.51E+05,1.80E+05,3.55E+04,-4.32E+03,-2.22E+03,-4.36E+02
,,,,,,,,,
,,,,,,,,,
,,,,,,,,,
2028-Dec-27 ,6.37E+06,5.17E+06,1.30E+06,3.03E+05,2.49E+05,3.26E+04,-3.73E+03,-3.06E+03,-4.01E+02
,,,,,,,,,
,,,,,,,,,
,,,,,,,,,
2028-Dec-28 ,6.38E+06,5.36E+06,1.31E+06,2.41E+05,3.05E+05,2.82E+04,-2.96E+03,-3.75E+03,-3.47E+02
,,,,,,,,,
,,,,,,,,,
,,,,,,,,,
2028-Dec-29 ,6.39E+06,5.56E+06,1.33E+06,1.66E+05,3.47E+05,2.24E+04,-2.04E+03,-4.26E+03,-2.76E+02
,,,,,,,,,
,,,,,,,,,
,,,,,,,,,
2028-Dec-30 ,6.40E+06,5.76E+06,1.35E+06,8.32E+04,3.71E+05,1.55E+04,-1.02E+03,-4.56E+03,-1.91E+02
,,,,,,,,,
,,,,,,,,,
,,,,,,,,,
2028-Dec-31 ,6.41E+06,5.96E+06,1.36E+06,-4.20E+03,3.76E+05,7.75E+03,5.17E+01,-4.62E+03,-9.53E+01
,,,,,,,,,
,,,,,,,,,
,,,,,,,,,
2029-Jan-01 ,6.41E+06,6.16E+06,1.38E+06,-9.14E+04,3.60E+05,-4.20E+02,1.12E+03,-4.43E+03,5.17E+00
,,,,,,,,,
,,,,,,,,,
,,,,,,,,,
2029-Jan-02 ,6.41E+06,6.37E+06,1.39E+06,-1.73E+05,3.25E+05,-8.56E+03,2.13E+03,-4.00E+03,1.05E+02
,,,,,,,,,
,,,,,,,,,
,,,,,,,,,
2029-Jan-03 ,6.41E+06,6.57E+06,1.41E+06,-2.46E+05,2.71E+05,-1.62E+04,3.02E+03,-3.34E+03,1.99E+02
,,,,,,,,,
,,,,,,,,,
,,,,,,,,,
2029-Jan-04 ,6.40E+06,6.79E+06,1.42E+06,-3.03E+05,2.02E+05,-2.29E+04,3.73E+03,-2.48E+03,2.82E+02
,,,,,,,,,
,,,,,,,,,
,,,,,,,,,
2029-Jan-05 ,6.39E+06,7.00E+06,1.43E+06,-3.43E+05,1.21E+05,-2.82E+04,4.22E+03,-1.48E+03,3.47E+02
,,,,,,,,,
,,,,,,,,,
,,,,,,,,,
2029-Jan-06 ,6.38E+06,7.21E+06,1.45E+06,-3.62E+05,3.22E+04,-3.18E+04,4.45E+03,-3.96E+02,3.92E+02
,,,,,,,,,
,,,,,,,,,
,,,,,,,,,
2029-Jan-07 ,6.37E+06,7.43E+06,1.46E+06,-3.59E+05,-5.80E+04,-3.36E+04,4.42E+03,7.13E+02,4.13E+02
,,,,,,,,,
,,,,,,,,,
,,,,,,,,,
2029-Jan-08 ,6.35E+06,7.65E+06,1.47E+06,-3.35E+05,-1.45E+05,-3.33E+04,4.13E+03,1.78E+03,4.09E+02
,,,,,,,,,
,,,,,,,,,
,,,,,,,,,
2029-Jan-09 ,6.33E+06,7.88E+06,1.49E+06,-2.92E+05,-2.23E+05,-3.11E+04,3.59E+03,2.74E+03,3.82E+02
,,,,,,,,,
,,,,,,,,,
,,,,,,,,,
2029-Jan-10 ,6.30E+06,8.10E+06,1.50E+06,-2.31E+05,-2.88E+05,-2.70E+04,2.84E+03,3.55E+03,3.32E+02
,,,,,,,,,
,,,,,,,,,
,,,,,,,,,
2029-Jan-11 ,6.28E+06,8.33E+06,1.51E+06,-1.57E+05,-3.37E+05,-2.14E+04,1.93E+03,4.15E+03,2.64E+02
,,,,,,,,,
,,,,,,,,,
,,,,,,,,,
2029-Jan-12 ,6.24E+06,8.56E+06,1.52E+06,-7.44E+04,-3.68E+05,-1.47E+04,9.15E+02,4.53E+03,1.80E+02
,,,,,,,,,
,,,,,,,,,
,,,,,,,,,
2029-Jan-13 ,6.21E+06,8.80E+06,1.53E+06,1.27E+04,-3.78E+05,-7.06E+03,-1.56E+02,4.65E+03,8.69E+01
,,,,,,,,,
,,,,,,,,,
,,,,,,,,,
2029-Jan-14 ,6.17E+06,9.03E+06,1.54E+06,9.92E+04,-3.69E+05,9.05E+02,-1.22E+03,4.54E+03,-1.11E+01
,,,,,,,,,
,,,,,,,,,
,,,,,,,,,
2029-Jan-15 ,6.13E+06,9.27E+06,1.55E+06,1.81E+05,-3.41E+05,8.83E+03,-2.22E+03,4.19E+03,-1.09E+02
,,,,,,,,,
,,,,,,,,,
,,,,,,,,,
2029-Jan-16 ,6.08E+06,9.51E+06,1.56E+06,2.53E+05,-2.95E+05,1.63E+04,-3.11E+03,3.63E+03,-2.01E+02
,,,,,,,,,
,,,,,,,,,
,,,,,,,,,
2029-Jan-17 ,6.03E+06,9.75E+06,1.57E+06,3.13E+05,-2.36E+05,2.30E+04,-3.85E+03,2.90E+03,-2.83E+02
,,,,,,,,,
,,,,,,,,,
,,,,,,,,,
2029-Jan-18 ,5.98E+06,1.00E+07,1.58E+06,3.59E+05,-1.65E+05,2.86E+04,-4.41E+03,2.03E+03,-3.51E+02
,,,,,,,,,
,,,,,,,,,
,,,,,,,,,
2029-Jan-19 ,5.92E+06,1.02E+07,1.59E+06,3.87E+05,-8.71E+04,3.28E+04,-4.76E+03,1.07E+03,-4.03E+02
,,,,,,,,,
,,,,,,,,,
,,,,,,,,,
2029-Jan-20 ,5.86E+06,1.05E+07,1.59E+06,3.98E+05,-5.13E+03,3.55E+04,-4.90E+03,6.31E+01,-4.37E+02
,,,,,,,,,
,,,,,,,,,
,,,,,,,,,
2029-Jan-21 ,5.79E+06,1.07E+07,1.60E+06,3.91E+05,7.69E+04,3.66E+04,-4.81E+03,-9.46E+02,-4.50E+02
,,,,,,,,,
,,,,,,,,,
,,,,,,,,,
2029-Jan-22 ,5.72E+06,1.10E+07,1.61E+06,3.66E+05,1.55E+05,3.60E+04,-4.50E+03,-1.91E+03,-4.43E+02
,,,,,,,,,
,,,,,,,,,
,,,,,,,,,
2029-Jan-23 ,5.64E+06,1.12E+07,1.61E+06,3.24E+05,2.27E+05,3.38E+04,-3.99E+03,-2.79E+03,-4.16E+02
,,,,,,,,,
,,,,,,,,,
,,,,,,,,,
2029-Jan-24 ,5.56E+06,1.15E+07,1.62E+06,2.67E+05,2.87E+05,3.00E+04,-3.29E+03,-3.53E+03,-3.69E+02
,,,,,,,,,
,,,,,,,,,
,,,,,,,,,
2029-Jan-25 ,5.47E+06,1.18E+07,1.62E+06,1.97E+05,3.34E+05,2.48E+04,-2.43E+03,-4.11E+03,-3.05E+02
,,,,,,,,,
,,,,,,,,,
,,,,,,,,,
2029-Jan-26 ,5.38E+06,1.20E+07,1.63E+06,1.18E+05,3.65E+05,1.83E+04,-1.45E+03,-4.49E+03,-2.25E+02
,,,,,,,,,
,,,,,,,,,
,,,,,,,,,
2029-Jan-27 ,5.29E+06,1.23E+07,1.63E+06,3.23E+04,3.77E+05,1.09E+04,-3.97E+02,-4.63E+03,-1.34E+02
,,,,,,,,,
,,,,,,,,,
,,,,,,,,,
2029-Jan-28 ,5.19E+06,1.25E+07,1.64E+06,-5.52E+04,3.68E+05,2.93E+03,6.80E+02,-4.53E+03,-3.61E+01
,,,,,,,,,
,,,,,,,,,
,,,,,,,,,
2029-Jan-29 ,5.08E+06,1.28E+07,1.64E+06,-1.40E+05,3.40E+05,-5.21E+03,1.72E+03,-4.18E+03,6.41E+01
,,,,,,,,,
,,,,,,,,,
,,,,,,,,,
2029-Jan-30 ,4.97E+06,1.31E+07,1.64E+06,-2.16E+05,2.92E+05,-1.31E+04,2.66E+03,-3.59E+03,1.61E+02
,,,,,,,,,
,,,,,,,,,
,,,,,,,,,
2029-Jan-31 ,4.85E+06,1.33E+07,1.65E+06,-2.80E+05,2.26E+05,-2.01E+04,3.45E+03,-2.78E+03,2.47E+02
,,,,,,,,,
,,,,,,,,,
,,,,,,,,,
2029-Feb-01 ,4.73E+06,1.36E+07,1.65E+06,-3.27E+05,1.47E+05,-2.59E+04,4.02E+03,-1.81E+03,3.19E+02
,,,,,,,,,
,,,,,,,,,
,,,,,,,,,
2029-Feb-02 ,4.61E+06,1.39E+07,1.65E+06,-3.53E+05,5.86E+04,-3.01E+04,4.34E+03,-7.21E+02,3.70E+02
,,,,,,,,,
,,,,,,,,,
,,,,,,,,,
2029-Feb-03 ,4.47E+06,1.41E+07,1.65E+06,-3.57E+05,-3.31E+04,-3.24E+04,4.40E+03,4.07E+02,3.98E+02
,,,,,,,,,
,,,,,,,,,
,,,,,,,,,
2029-Feb-04 ,4.33E+06,1.44E+07,1.65E+06,-3.40E+05,-1.23E+05,-3.27E+04,4.18E+03,1.51E+03,4.02E+02
,,,,,,,,,
,,,,,,,,,
,,,,,,,,,
2029-Feb-05 ,4.19E+06,1.47E+07,1.65E+06,-3.02E+05,-2.05E+05,-3.10E+04,3.71E+03,2.52E+03,3.81E+02
,,,,,,,,,
,,,,,,,,,
,,,,,,,,,
2029-Feb-06 ,4.04E+06,1.50E+07,1.65E+06,-2.45E+05,-2.74E+05,-2.74E+04,3.02E+03,3.38E+03,3.37E+02
,,,,,,,,,
,,,,,,,,,
,,,,,,,,,
2029-Feb-07 ,3.89E+06,1.52E+07,1.65E+06,-1.75E+05,-3.29E+05,-2.23E+04,2.15E+03,4.04E+03,2.74E+02
,,,,,,,,,
,,,,,,,,,
,,,,,,,,,
2029-Feb-08 ,3.72E+06,1.55E+07,1.65E+06,-9.50E+04,-3.64E+05,-1.59E+04,1.17E+03,4.48E+03,1.96E+02
,,,,,,,,,
,,,,,,,,,
,,,,,,,,,
2029-Feb-09 ,3.56E+06,1.58E+07,1.65E+06,-9.58E+03,-3.80E+05,-8.70E+03,1.18E+02,4.68E+03,1.07E+02
,,,,,,,,,
,,,,,,,,,
,,,,,,,,,
2029-Feb-10 ,3.38E+06,1.60E+07,1.65E+06,7.66E+04,-3.76E+05,-9.93E+02,-9.42E+02,4.63E+03,1.22E+01
,,,,,,,,,
,,,,,,,,,
,,,,,,,,,
2029-Feb-11 ,3.20E+06,1.63E+07,1.65E+06,1.59E+05,-3.53E+05,6.76E+03,-1.96E+03,4.34E+03,-8.32E+01
,,,,,,,,,
,,,,,,,,,
,,,,,,,,,
2029-Feb-12 ,3.02E+06,1.66E+07,1.64E+06,2.34E+05,-3.12E+05,1.42E+04,-2.88E+03,3.84E+03,-1.74E+02
,,,,,,,,,
,,,,,,,,,
,,,,,,,,,
2029-Feb-13 ,2.82E+06,1.69E+07,1.64E+06,2.97E+05,-2.57E+05,2.09E+04,-3.66E+03,3.16E+03,-2.57E+02
,,,,,,,,,
,,,,,,,,,
,,,,,,,,,
2029-Feb-14 ,2.63E+06,1.71E+07,1.64E+06,3.47E+05,-1.89E+05,2.66E+04,-4.27E+03,2.32E+03,-3.28E+02
,,,,,,,,,
,,,,,,,,,
,,,,,,,,,
2029-Feb-15 ,2.42E+06,1.74E+07,1.63E+06,3.81E+05,-1.12E+05,3.11E+04,-4.68E+03,1.38E+03,-3.83E+02
,,,,,,,,,
,,,,,,,,,
,,,,,,,,,
2029-Feb-16 ,2.21E+06,1.77E+07,1.63E+06,3.97E+05,-3.10E+04,3.42E+04,-4.89E+03,3.81E+02,-4.20E+02
,,,,,,,,,
,,,,,,,,,
,,,,,,,,,
2029-Feb-17 ,1.99E+06,1.79E+07,1.63E+06,3.96E+05,5.18E+04,3.56E+04,-4.87E+03,-6.37E+02,-4.38E+02
,,,,,,,,,
,,,,,,,,,
,,,,,,,,,
2029-Feb-18 ,1.77E+06,1.82E+07,1.62E+06,3.77E+05,1.32E+05,3.55E+04,-4.63E+03,-1.62E+03,-4.37E+02
,,,,,,,,,
,,,,,,,,,
,,,,,,,,,
2029-Feb-19 ,1.54E+06,1.85E+07,1.61E+06,3.41E+05,2.06E+05,3.38E+04,-4.19E+03,-2.53E+03,-4.16E+02
,,,,,,,,,
,,,,,,,,,
,,,,,,,,,
2029-Feb-20 ,1.30E+06,1.88E+07,1.61E+06,2.89E+05,2.71E+05,3.05E+04,-3.56E+03,-3.33E+03,-3.75E+02
,,,,,,,,,
,,,,,,,,,
,,,,,,,,,
2029-Feb-21 ,1.05E+06,1.90E+07,1.60E+06,2.25E+05,3.23E+05,2.58E+04,-2.77E+03,-3.97E+03,-3.18E+02
,,,,,,,,,
,,,,,,,,,
,,,,,,,,,
2029-Feb-22 ,8.02E+05,1.93E+07,1.60E+06,1.50E+05,3.59E+05,1.99E+04,-1.84E+03,-4.42E+03,-2.45E+02
,,,,,,,,,
,,,,,,,,,
,,,,,,,,,
2029-Feb-23 ,5.44E+05,1.95E+07,1.59E+06,6.69E+04,3.78E+05,1.30E+04,-8.23E+02,-4.65E+03,-1.60E+02
,,,,,,,,,
,,,,,,,,,
,,,,,,,,,
2029-Feb-24 ,2.79E+05,1.98E+07,1.58E+06,-1.92E+04,3.78E+05,5.45E+03,2.36E+02,-4.65E+03,-6.70E+01
,,,,,,,,,
,,,,,,,,,
,,,,,,,,,
2029-Feb-25 ,7.91E+03,2.01E+07,1.57E+06,-1.04E+05,3.57E+05,-2.40E+03,1.28E+03,-4.39E+03,2.95E+01
,,,,,,,,,
,,,,,,,,,
,,,,,,,,,
2029-Feb-26 ,-2.70E+05,2.03E+07,1.56E+06,-1.84E+05,3.17E+05,-1.01E+04,2.26E+03,-3.89E+03,1.24E+02
,,,,,,,,,
,,,,,,,,,
,,,,,,,,,
2029-Feb-27 ,-5.55E+05,2.06E+07,1.56E+06,-2.53E+05,2.57E+05,-1.72E+04,3.11E+03,-3.16E+03,2.12E+02
,,,,,,,,,
,,,,,,,,,
,,,,,,,,,
2029-Feb-28 ,-8.47E+05,2.08E+07,1.55E+06,-3.06E+05,1.82E+05,-2.33E+04,3.77E+03,-2.24E+03,2.86E+02
,,,,,,,,,
,,,,,,,,,
,,,,,,,,,
2029-Mar-01 ,-1.15E+06,2.11E+07,1.54E+06,-3.40E+05,9.58E+04,-2.78E+04,4.19E+03,-1.18E+03,3.42E+02
,,,,,,,,,
,,,,,,,,,
,,,,,,,,,
2029-Mar-02 ,-1.45E+06,2.13E+07,1.53E+06,-3.53E+05,3.30E+03,-3.06E+04,4.34E+03,-4.06E+01,3.76E+02
,,,,,,,,,
,,,,,,,,,
,,,,,,,,,
2029-Mar-03 ,-1.76E+06,2.16E+07,1.52E+06,-3.43E+05,-8.94E+04,-3.13E+04,4.22E+03,1.10E+03,3.86E+02
,,,,,,,,,
,,,,,,,,,
,,,,,,,,,
2029-Mar-04 ,-2.08E+06,2.18E+07,1.51E+06,-3.11E+05,-1.76E+05,-3.01E+04,3.82E+03,2.17E+03,3.70E+02
,,,,,,,,,
,,,,,,,,,
,,,,,,,,,
2029-Mar-05 ,-2.41E+06,2.20E+07,1.49E+06,-2.59E+05,-2.52E+05,-2.69E+04,3.19E+03,3.10E+03,3.31E+02
,,,,,,,,,
,,,,,,,,,
,,,,,,,,,
2029-Mar-06 ,-2.74E+06,2.23E+07,1.48E+06,-1.92E+05,-3.12E+05,-2.21E+04,2.36E+03,3.84E+03,2.72E+02
,,,,,,,,,
,,,,,,,,,
,,,,,,,,,
2029-Mar-07 ,-3.08E+06,2.25E+07,1.47E+06,-1.14E+05,-3.54E+05,-1.61E+04,1.40E+03,4.36E+03,1.97E+02
,,,,,,,,,
,,,,,,,,,
,,,,,,,,,
2029-Mar-08 ,-3.43E+06,2.27E+07,1.46E+06,-2.92E+04,-3.76E+05,-9.05E+03,3.59E+02,4.63E+03,1.11E+02
,,,,,,,,,
,,,,,,,,,
,,,,,,,,,
2029-Mar-09 ,-3.78E+06,2.30E+07,1.45E+06,5.71E+04,-3.78E+05,-1.56E+03,-7.03E+02,4.65E+03,1.92E+01
,,,,,,,,,
,,,,,,,,,
,,,,,,,,,
2029-Mar-10 ,-4.14E+06,2.32E+07,1.43E+06,1.41E+05,-3.60E+05,6.01E+03,-1.73E+03,4.43E+03,-7.39E+01
,,,,,,,,,
,,,,,,,,,
,,,,,,,,,
2029-Mar-11 ,-4.51E+06,2.34E+07,1.42E+06,2.17E+05,-3.25E+05,1.33E+04,-2.67E+03,3.99E+03,-1.63E+02
,,,,,,,,,
,,,,,,,,,
,,,,,,,,,
2029-Mar-12 ,-4.88E+06,2.36E+07,1.41E+06,2.84E+05,-2.73E+05,1.99E+04,-3.49E+03,3.36E+03,-2.45E+02
,,,,,,,,,
,,,,,,,,,
,,,,,,,,,
2029-Mar-13 ,-5.26E+06,2.38E+07,1.39E+06,3.37E+05,-2.08E+05,2.56E+04,-4.14E+03,2.56E+03,-3.15E+02
,,,,,,,,,
,,,,,,,,,
,,,,,,,,,
2029-Mar-14 ,-5.65E+06,2.40E+07,1.38E+06,3.74E+05,-1.34E+05,3.01E+04,-4.61E+03,1.65E+03,-3.70E+02
,,,,,,,,,
,,,,,,,,,
,,,,,,,,,
2029-Mar-15 ,-6.05E+06,2.42E+07,1.36E+06,3.95E+05,-5.35E+04,3.32E+04,-4.86E+03,6.58E+02,-4.08E+02
,,,,,,,,,
,,,,,,,,,
,,,,,,,,,
2029-Mar-16 ,-6.45E+06,2.44E+07,1.35E+06,3.99E+05,2.94E+04,3.48E+04,-4.90E+03,-3.61E+02,-4.28E+02
,,,,,,,,,
,,,,,,,,,
,,,,,,,,,
2029-Mar-17 ,-6.85E+06,2.46E+07,1.33E+06,3.84E+05,1.11E+05,3.48E+04,-4.73E+03,-1.36E+03,-4.28E+02
,,,,,,,,,
,,,,,,,,,
,,,,,,,,,
2029-Mar-18 ,-7.27E+06,2.48E+07,1.32E+06,3.53E+05,1.87E+05,3.33E+04,-4.34E+03,-2.30E+03,-4.09E+02
,,,,,,,,,
,,,,,,,,,
,,,,,,,,,
2029-Mar-19 ,-7.68E+06,2.49E+07,1.30E+06,3.06E+05,2.55E+05,3.03E+04,-3.77E+03,-3.14E+03,-3.72E+02
,,,,,,,,,
,,,,,,,,,
,,,,,,,,,
2029-Mar-20 ,-8.11E+06,2.51E+07,1.28E+06,2.46E+05,3.12E+05,2.58E+04,-3.02E+03,-3.83E+03,-3.18E+02
,,,,,,,,,
,,,,,,,,,
,,,,,,,,,
2029-Mar-21 ,-8.54E+06,2.53E+07,1.27E+06,1.74E+05,3.54E+05,2.02E+04,-2.14E+03,-4.35E+03,-2.49E+02
,,,,,,,,,
,,,,,,,,,
,,,,,,,,,
2029-Mar-22 ,-8.98E+06,2.54E+07,1.25E+06,9.41E+04,3.79E+05,1.37E+04,-1.16E+03,-4.66E+03,-1.68E+02
,,,,,,,,,
,,,,,,,,,
,,,,,,,,,
2029-Mar-23 ,-9.42E+06,2.56E+07,1.23E+06,9.85E+03,3.85E+05,6.42E+03,-1.21E+02,-4.74E+03,-7.90E+01
,,,,,,,,,
,,,,,,,,,
,,,,,,,,,
2029-Mar-24 ,-9.87E+06,2.57E+07,1.22E+06,-7.49E+04,3.72E+05,-1.13E+03,9.21E+02,-4.58E+03,1.40E+01
,,,,,,,,,
,,,,,,,,,
,,,,,,,,,
2029-Mar-25 ,-1.03E+07,2.58E+07,1.20E+06,-1.56E+05,3.40E+05,-8.63E+03,1.91E+03,-4.18E+03,1.06E+02
,,,,,,,,,
,,,,,,,,,
,,,,,,,,,
2029-Mar-26 ,-1.08E+07,2.60E+07,1.18E+06,-2.28E+05,2.88E+05,-1.56E+04,2.80E+03,-3.54E+03,1.92E+02
,,,,,,,,,
,,,,,,,,,
,,,,,,,,,
2029-Mar-27 ,-1.13E+07,2.61E+07,1.16E+06,-2.87E+05,2.19E+05,-2.17E+04,3.53E+03,-2.70E+03,2.67E+02
,,,,,,,,,
,,,,,,,,,
,,,,,,,,,
2029-Mar-28 ,-1.17E+07,2.62E+07,1.14E+06,-3.29E+05,1.37E+05,-2.65E+04,4.04E+03,-1.69E+03,3.26E+02
,,,,,,,,,
,,,,,,,,,
,,,,,,,,,
2029-Mar-29 ,-1.22E+07,2.63E+07,1.12E+06,-3.49E+05,4.68E+04,-2.96E+04,4.30E+03,-5.76E+02,3.64E+02
,,,,,,,,,
,,,,,,,,,
,,,,,,,,,
2029-Mar-30 ,-1.27E+07,2.64E+07,1.10E+06,-3.48E+05,-4.70E+04,-3.07E+04,4.28E+03,5.78E+02,3.78E+02
,,,,,,,,,
,,,,,,,,,
,,,,,,,,,
2029-Mar-31 ,-1.32E+07,2.65E+07,1.08E+06,-3.24E+05,-1.38E+05,-2.98E+04,3.98E+03,1.69E+03,3.67E+02
,,,,,,,,,
,,,,,,,,,
,,,,,,,,,
2029-Apr-01 ,-1.37E+07,2.66E+07,1.07E+06,-2.78E+05,-2.19E+05,-2.69E+04,3.42E+03,2.70E+03,3.31E+02
,,,,,,,,,
,,,,,,,,,
,,,,,,,,,
2029-Apr-02 ,-1.42E+07,2.67E+07,1.05E+06,-2.15E+05,-2.87E+05,-2.23E+04,2.65E+03,3.53E+03,2.75E+02
,,,,,,,,,
,,,,,,,,,
,,,,,,,,,
2029-Apr-03 ,-1.47E+07,2.67E+07,1.02E+06,-1.39E+05,-3.37E+05,-1.63E+04,1.71E+03,4.14E+03,2.01E+02
,,,,,,,,,
,,,,,,,,,
,,,,,,,,,
2029-Apr-04 ,-1.52E+07,2.68E+07,1.00E+06,-5.44E+04,-3.66E+05,-9.36E+03,6.69E+02,4.51E+03,1.15E+02
,,,,,,,,,
,,,,,,,,,
,,,,,,,,,
2029-Apr-05 ,-1.57E+07,2.68E+07,9.83E+05,3.31E+04,-3.75E+05,-1.84E+03,-4.08E+02,4.61E+03,2.26E+01
,,,,,,,,,
,,,,,,,,,
,,,,,,,,,
2029-Apr-06 ,-1.62E+07,2.69E+07,9.62E+05,1.19E+05,-3.63E+05,5.79E+03,-1.46E+03,4.47E+03,-7.12E+01
,,,,,,,,,
,,,,,,,,,
,,,,,,,,,
2029-Apr-07 ,-1.67E+07,2.69E+07,9.41E+05,1.98E+05,-3.33E+05,1.31E+04,-2.44E+03,4.09E+03,-1.61E+02
,,,,,,,,,
,,,,,,,,,
,,,,,,,,,
2029-Apr-08 ,-1.73E+07,2.69E+07,9.19E+05,2.68E+05,-2.85E+05,1.98E+04,-3.30E+03,3.51E+03,-2.43E+02
,,,,,,,,,
,,,,,,,,,
,,,,,,,,,
2029-Apr-09 ,-1.78E+07,2.70E+07,8.98E+05,3.25E+05,-2.24E+05,2.55E+04,-4.00E+03,2.76E+03,-3.14E+02
,,,,,,,,,
,,,,,,,,,
,,,,,,,,,
2029-Apr-10 ,-1.83E+07,2.70E+07,8.76E+05,3.67E+05,-1.53E+05,3.00E+04,-4.51E+03,1.88E+03,-3.69E+02
,,,,,,,,,
,,,,,,,,,
,,,,,,,,,
2029-Apr-11 ,-1.89E+07,2.70E+07,8.54E+05,3.92E+05,-7.37E+04,3.32E+04,-4.82E+03,9.06E+02,-4.08E+02
,,,,,,,,,
,,,,,,,,,
,,,,,,,,,
2029-Apr-12 ,-1.94E+07,2.69E+07,8.31E+05,4.00E+05,8.66E+03,3.48E+04,-4.92E+03,-1.07E+02,-4.28E+02
,,,,,,,,,
,,,,,,,,,
,,,,,,,,,
2029-Apr-13 ,-2.00E+07,2.69E+07,8.09E+05,3.90E+05,9.07E+04,3.49E+04,-4.79E+03,-1.12E+03,-4.29E+02
,,,,,,,,,
,,,,,,,,,
,,,,,,,,,
2029-Apr-14 ,-2.05E+07,2.69E+07,7.86E+05,3.63E+05,1.69E+05,3.34E+04,-4.46E+03,-2.08E+03,-4.10E+02
,,,,,,,,,
,,,,,,,,,
,,,,,,,,,
2029-Apr-15 ,-2.10E+07,2.68E+07,7.63E+05,3.19E+05,2.40E+05,3.04E+04,-3.93E+03,-2.95E+03,-3.73E+02
,,,,,,,,,
,,,,,,,,,
,,,,,,,,,
2029-Apr-16 ,-2.16E+07,2.68E+07,7.40E+05,2.62E+05,2.99E+05,2.60E+04,-3.22E+03,-3.68E+03,-3.20E+02
,,,,,,,,,
,,,,,,,,,
,,,,,,,,,
2029-Apr-17 ,-2.22E+07,2.67E+07,7.17E+05,1.93E+05,3.46E+05,2.04E+04,-2.37E+03,-4.25E+03,-2.51E+02
,,,,,,,,,
,,,,,,,,,
,,,,,,,,,
2029-Apr-18 ,-2.27E+07,2.67E+07,6.93E+05,1.15E+05,3.76E+05,1.39E+04,-1.41E+03,-4.63E+03,-1.71E+02
,,,,,,,,,
,,,,,,,,,
,,,,,,,,,
2029-Apr-19 ,-2.33E+07,2.66E+07,6.70E+05,3.18E+04,3.88E+05,6.69E+03,-3.91E+02,-4.78E+03,-8.23E+01
,,,,,,,,,
,,,,,,,,,
,,,,,,,,,
2029-Apr-20 ,-2.38E+07,2.65E+07,6.46E+05,-5.27E+04,3.82E+05,-8.25E+02,6.48E+02,-4.70E+03,1.01E+01
,,,,,,,,,
,,,,,,,,,
,,,,,,,,,
2029-Apr-21 ,-2.44E+07,2.64E+07,6.22E+05,-1.34E+05,3.56E+05,-8.30E+03,1.65E+03,-4.38E+03,1.02E+02
,,,,,,,,,
,,,,,,,,,
,,,,,,,,,
2029-Apr-22 ,-2.50E+07,2.63E+07,5.98E+05,-2.09E+05,3.11E+05,-1.53E+04,2.57E+03,-3.83E+03,1.89E+02
,,,,,,,,,
,,,,,,,,,
,,,,,,,,,
2029-Apr-23 ,-2.55E+07,2.61E+07,5.74E+05,-2.72E+05,2.49E+05,-2.15E+04,3.35E+03,-3.07E+03,2.65E+02
,,,,,,,,,
,,,,,,,,,
,,,,,,,,,
2029-Apr-24 ,-2.61E+07,2.60E+07,5.49E+05,-3.19E+05,1.73E+05,-2.65E+04,3.93E+03,-2.13E+03,3.25E+02
,,,,,,,,,
,,,,,,,,,
,,,,,,,,,
2029-Apr-25 ,-2.67E+07,2.59E+07,5.25E+05,-3.48E+05,8.66E+04,-2.98E+04,4.28E+03,-1.07E+03,3.67E+02
,,,,,,,,,
,,,,,,,,,
,,,,,,,,,
2029-Apr-26 ,-2.72E+07,2.57E+07,5.00E+05,-3.55E+05,-5.43E+03,-3.13E+04,4.36E+03,6.68E+01,3.85E+02
,,,,,,,,,
,,,,,,,,,
,,,,,,,,,
2029-Apr-27 ,-2.78E+07,2.55E+07,4.76E+05,-3.39E+05,-9.73E+04,-3.08E+04,4.17E+03,1.20E+03,3.79E+02
,,,,,,,,,
,,,,,,,,,
,,,,,,,,,
2029-Apr-28 ,-2.84E+07,2.54E+07,4.51E+05,-3.01E+05,-1.83E+05,-2.83E+04,3.71E+03,2.25E+03,3.48E+02
,,,,,,,,,
,,,,,,,,,
,,,,,,,,,
2029-Apr-29 ,-2.90E+07,2.52E+07,4.26E+05,-2.44E+05,-2.57E+05,-2.39E+04,3.00E+03,3.16E+03,2.94E+02
,,,,,,,,,
,,,,,,,,,
,,,,,,,,,
2029-Apr-30 ,-2.95E+07,2.50E+07,4.01E+05,-1.71E+05,-3.14E+05,-1.80E+04,2.11E+03,3.87E+03,2.21E+02
,,,,,,,,,
,,,,,,,,,
,,,,,,,,,
2029-May-01 ,-3.01E+07,2.48E+07,3.76E+05,-8.81E+04,-3.52E+05,-1.09E+04,1.08E+03,4.33E+03,1.34E+02
,,,,,,,,,
,,,,,,,,,
,,,,,,,,,
2029-May-02 ,-3.07E+07,2.45E+07,3.51E+05,4.48E+02,-3.69E+05,-3.18E+03,-5.51E+00,4.54E+03,3.91E+01
,,,,,,,,,
,,,,,,,,,
,,,,,,,,,
2029-May-03 ,-3.12E+07,2.43E+07,3.25E+05,8.88E+04,-3.64E+05,4.73E+03,-1.09E+03,4.48E+03,-5.82E+01
,,,,,,,,,
,,,,,,,,,
,,,,,,,,,
2029-May-04 ,-3.18E+07,2.41E+07,3.00E+05,1.72E+05,-3.40E+05,1.24E+04,-2.12E+03,4.18E+03,-1.52E+02
,,,,,,,,,
,,,,,,,,,
,,,,,,,,,
2029-May-05 ,-3.24E+07,2.38E+07,2.75E+05,2.47E+05,-2.97E+05,1.94E+04,-3.03E+03,3.66E+03,-2.39E+02
,,,,,,,,,
,,,,,,,,,
,,,,,,,,,
2029-May-06 ,-3.30E+07,2.35E+07,2.49E+05,3.08E+05,-2.40E+05,2.54E+04,-3.79E+03,2.95E+03,-3.13E+02
,,,,,,,,,
,,,,,,,,,
,,,,,,,,,
2029-May-07 ,-3.35E+07,2.32E+07,2.24E+05,3.55E+05,-1.71E+05,3.02E+04,-4.37E+03,2.11E+03,-3.72E+02
,,,,,,,,,
,,,,,,,,,
,,,,,,,,,
2029-May-08 ,-3.41E+07,2.30E+07,1.98E+05,3.86E+05,-9.42E+04,3.36E+04,-4.75E+03,1.16E+03,-4.13E+02
,,,,,,,,,
,,,,,,,,,
,,,,,,,,,
2029-May-09 ,-3.46E+07,2.26E+07,1.72E+05,3.99E+05,-1.27E+04,3.55E+04,-4.90E+03,1.56E+02,-4.36E+02
,,,,,,,,,
,,,,,,,,,
,,,,,,,,,
2029-May-10 ,-3.52E+07,2.23E+07,1.47E+05,3.93E+05,6.96E+04,3.57E+04,-4.84E+03,-8.56E+02,-4.39E+02
,,,,,,,,,
,,,,,,,,,
,,,,,,,,,
2029-May-11 ,-3.58E+07,2.20E+07,1.21E+05,3.71E+05,1.49E+05,3.43E+04,-4.56E+03,-1.83E+03,-4.22E+02
,,,,,,,,,
,,,,,,,,,
,,,,,,,,,
2029-May-12 ,-3.63E+07,2.17E+07,9.53E+04,3.31E+05,2.22E+05,3.14E+04,-4.08E+03,-2.73E+03,-3.86E+02
,,,,,,,,,
,,,,,,,,,
,,,,,,,,,
2029-May-13 ,-3.69E+07,2.13E+07,6.95E+04,2.77E+05,2.85E+05,2.70E+04,-3.41E+03,-3.50E+03,-3.32E+02
,,,,,,,,,
,,,,,,,,,
,,,,,,,,,
2029-May-14 ,-3.74E+07,2.10E+07,4.38E+04,2.10E+05,3.35E+05,2.14E+04,-2.59E+03,-4.12E+03,-2.63E+02
,,,,,,,,,
,,,,,,,,,
,,,,,,,,,
2029-May-15 ,-3.80E+07,2.06E+07,1.80E+04,1.34E+05,3.70E+05,1.48E+04,-1.65E+03,-4.55E+03,-1.82E+02
,,,,,,,,,
,,,,,,,,,
,,,,,,,,,
2029-May-16 ,-3.85E+07,2.02E+07,-7.81E+03,5.15E+04,3.87E+05,7.50E+03,-6.34E+02,-4.76E+03,-9.22E+01
,,,,,,,,,
,,,,,,,,,
,,,,,,,,,
2029-May-17 ,-3.90E+07,1.98E+07,-3.36E+04,-3.34E+04,3.86E+05,-1.76E+02,4.11E+02,-4.74E+03,2.17E+00
,,,,,,,,,
,,,,,,,,,
,,,,,,,,,
2029-May-18 ,-3.96E+07,1.94E+07,-5.94E+04,-1.16E+05,3.65E+05,-7.84E+03,1.43E+03,-4.49E+03,9.64E+01
,,,,,,,,,
,,,,,,,,,
,,,,,,,,,
2029-May-19 ,-4.01E+07,1.90E+07,-8.51E+04,-1.93E+05,3.26E+05,-1.51E+04,2.38E+03,-4.01E+03,1.86E+02
,,,,,,,,,
,,,,,,,,,
,,,,,,,,,
2029-May-20 ,-4.06E+07,1.85E+07,-1.11E+05,-2.60E+05,2.70E+05,-2.16E+04,3.20E+03,-3.32E+03,2.65E+02
,,,,,,,,,
,,,,,,,,,
,,,,,,,,,
2029-May-21 ,-4.11E+07,1.81E+07,-1.37E+05,-3.12E+05,1.99E+05,-2.68E+04,3.84E+03,-2.44E+03,3.30E+02
,,,,,,,,,
,,,,,,,,,
,,,,,,,,,
2029-May-22 ,-4.16E+07,1.76E+07,-1.62E+05,-3.46E+05,1.16E+05,-3.05E+04,4.26E+03,-1.43E+03,3.76E+02
,,,,,,,,,
,,,,,,,,,
,,,,,,,,,
2029-May-23 ,-4.21E+07,1.72E+07,-1.88E+05,-3.60E+05,2.69E+04,-3.25E+04,4.43E+03,-3.31E+02,4.00E+02
,,,,,,,,,
,,,,,,,,,
,,,,,,,,,
2029-May-24 ,-4.26E+07,1.67E+07,-2.14E+05,-3.53E+05,-6.41E+04,-3.24E+04,4.34E+03,7.88E+02,3.99E+02
,,,,,,,,,
,,,,,,,,,
,,,,,,,,,
2029-May-25 ,-4.31E+07,1.62E+07,-2.39E+05,-3.23E+05,-1.51E+05,-3.04E+04,3.97E+03,1.86E+03,3.74E+02
,,,,,,,,,
,,,,,,,,,
,,,,,,,,,
2029-May-26 ,-4.36E+07,1.57E+07,-2.65E+05,-2.73E+05,-2.29E+05,-2.64E+04,3.36E+03,2.82E+03,3.25E+02
,,,,,,,,,
,,,,,,,,,
,,,,,,,,,
2029-May-27 ,-4.41E+07,1.52E+07,-2.90E+05,-2.06E+05,-2.92E+05,-2.08E+04,2.53E+03,3.60E+03,2.55E+02
,,,,,,,,,
,,,,,,,,,
,,,,,,,,,
2029-May-28 ,-4.46E+07,1.47E+07,-3.15E+05,-1.26E+05,-3.38E+05,-1.38E+04,1.54E+03,4.15E+03,1.70E+02
,,,,,,,,,
,,,,,,,,,
,,,,,,,,,
2029-May-29 ,-4.51E+07,1.41E+07,-3.41E+05,-3.78E+04,-3.62E+05,-5.96E+03,4.64E+02,4.46E+03,7.34E+01
,,,,,,,,,
,,,,,,,,,
,,,,,,,,,
2029-May-30 ,-4.55E+07,1.36E+07,-3.66E+05,5.22E+04,-3.66E+05,2.22E+03,-6.42E+02,4.50E+03,-2.73E+01
,,,,,,,,,
,,,,,,,,,
,,,,,,,,,
2029-May-31 ,-4.60E+07,1.30E+07,-3.91E+05,1.39E+05,-3.48E+05,1.03E+04,-1.71E+03,4.28E+03,-1.26E+02
,,,,,,,,,
,,,,,,,,,
,,,,,,,,,
2029-Jun-01 ,-4.64E+07,1.25E+07,-4.16E+05,2.18E+05,-3.11E+05,1.78E+04,-2.68E+03,3.83E+03,-2.19E+02
,,,,,,,,,
,,,,,,,,,
,,,,,,,,,
2029-Jun-02 ,-4.69E+07,1.19E+07,-4.41E+05,2.86E+05,-2.58E+05,2.43E+04,-3.52E+03,3.18E+03,-2.99E+02
,,,,,,,,,
,,,,,,,,,
,,,,,,,,,
2029-Jun-03 ,-4.73E+07,1.13E+07,-4.66E+05,3.39E+05,-1.93E+05,2.97E+04,-4.17E+03,2.37E+03,-3.65E+02
,,,,,,,,,
,,,,,,,,,
,,,,,,,,,
2029-Jun-04 ,-4.77E+07,1.07E+07,-4.91E+05,3.76E+05,-1.17E+05,3.36E+04,-4.62E+03,1.44E+03,-4.13E+02
,,,,,,,,,
,,,,,,,,,
,,,,,,,,,
2029-Jun-05 ,-4.81E+07,1.01E+07,-5.15E+05,3.95E+05,-3.68E+04,3.59E+04,-4.85E+03,4.52E+02,-4.41E+02
,,,,,,,,,
,,,,,,,,,
,,,,,,,,,
2029-Jun-06 ,-4.85E+07,9.50E+06,-5.40E+05,3.95E+05,4.57E+04,3.65E+04,-4.86E+03,-5.62E+02,-4.49E+02
,,,,,,,,,
,,,,,,,,,
,,,,,,,,,
2029-Jun-07 ,-4.89E+07,8.87E+06,-5.64E+05,3.78E+05,1.26E+05,3.55E+04,-4.65E+03,-1.55E+03,-4.37E+02
,,,,,,,,,
,,,,,,,,,
,,,,,,,,,
2029-Jun-08 ,-4.93E+07,8.24E+06,-5.88E+05,3.44E+05,2.01E+05,3.29E+04,-4.23E+03,-2.47E+03,-4.04E+02
,,,,,,,,,
,,,,,,,,,
,,,,,,,,,
2029-Jun-09 ,-4.97E+07,7.59E+06,-6.12E+05,2.94E+05,2.67E+05,2.87E+04,-3.61E+03,-3.29E+03,-3.54E+02
,,,,,,,,,
,,,,,,,,,
,,,,,,,,,
2029-Jun-10 ,-5.00E+07,6.93E+06,-6.36E+05,2.30E+05,3.21E+05,2.33E+04,-2.83E+03,-3.95E+03,-2.86E+02
,,,,,,,,,
,,,,,,,,,
,,,,,,,,,
2029-Jun-11 ,-5.04E+07,6.27E+06,-6.60E+05,1.56E+05,3.60E+05,1.67E+04,-1.91E+03,-4.43E+03,-2.06E+02
,,,,,,,,,
,,,,,,,,,
,,,,,,,,,
2029-Jun-12 ,-5.08E+07,5.59E+06,-6.84E+05,7.40E+04,3.82E+05,9.38E+03,-9.10E+02,-4.70E+03,-1.15E+02
,,,,,,,,,
,,,,,,,,,
,,,,,,,,,
2029-Jun-13 ,-5.11E+07,4.91E+06,-7.07E+05,-1.13E+04,3.86E+05,1.57E+03,1.40E+02,-4.75E+03,-1.93E+01
,,,,,,,,,
,,,,,,,,,
,,,,,,,,,
2029-Jun-14 ,-5.14E+07,4.22E+06,-7.31E+05,-9.60E+04,3.70E+05,-6.32E+03,1.18E+03,-4.55E+03,7.78E+01
,,,,,,,,,
,,,,,,,,,
,,,,,,,,,
2029-Jun-15 ,-5.17E+07,3.52E+06,-7.54E+05,-1.76E+05,3.36E+05,-1.39E+04,2.16E+03,-4.13E+03,1.71E+02
,,,,,,,,,
,,,,,,,,,
,,,,,,,,,
2029-Jun-16 ,-5.20E+07,2.81E+06,-7.77E+05,-2.46E+05,2.84E+05,-2.07E+04,3.02E+03,-3.49E+03,2.55E+02
,,,,,,,,,
,,,,,,,,,
,,,,,,,,,
2029-Jun-17 ,-5.23E+07,2.09E+06,-8.00E+05,-3.03E+05,2.16E+05,-2.64E+04,3.72E+03,-2.66E+03,3.25E+02
,,,,,,,,,
,,,,,,,,,
,,,,,,,,,
2029-Jun-18 ,-5.26E+07,1.36E+06,-8.22E+05,-3.42E+05,1.37E+05,-3.06E+04,4.21E+03,-1.68E+03,3.76E+02
,,,,,,,,,
,,,,,,,,,
,,,,,,,,,
2029-Jun-19 ,-5.29E+07,6.26E+05,-8.45E+05,-3.62E+05,4.99E+04,-3.31E+04,4.46E+03,-6.14E+02,4.07E+02
,,,,,,,,,
,,,,,,,,,
,,,,,,,,,
2029-Jun-20 ,-5.31E+07,-1.16E+05,-8.67E+05,-3.61E+05,-4.01E+04,-3.36E+04,4.44E+03,4.93E+02,4.13E+02
,,,,,,,,,
,,,,,,,,,
,,,,,,,,,
2029-Jun-21 ,-5.34E+07,-8.66E+05,-8.89E+05,-3.39E+05,-1.28E+05,-3.21E+04,4.17E+03,1.57E+03,3.95E+02
,,,,,,,,,
,,,,,,,,,
,,,,,,,,,
2029-Jun-22 ,-5.36E+07,-1.62E+06,-9.11E+05,-2.96E+05,-2.08E+05,-2.87E+04,3.64E+03,2.55E+03,3.53E+02
,,,,,,,,,
,,,,,,,,,
,,,,,,,,,
2029-Jun-23 ,-5.38E+07,-2.39E+06,-9.33E+05,-2.34E+05,-2.75E+05,-2.35E+04,2.88E+03,3.38E+03,2.89E+02
,,,,,,,,,
,,,,,,,,,
,,,,,,,,,
2029-Jun-24 ,-5.40E+07,-3.16E+06,-9.54E+05,-1.59E+05,-3.26E+05,-1.69E+04,1.96E+03,4.01E+03,2.08E+02
,,,,,,,,,
,,,,,,,,,
,,,,,,,,,
2029-Jun-25 ,-5.42E+07,-3.94E+06,-9.75E+05,-7.39E+04,-3.57E+05,-9.25E+03,9.09E+02,4.40E+03,1.14E+02
,,,,,,,,,
,,,,,,,,,
,,,,,,,,,
2029-Jun-26 ,-5.44E+07,-4.73E+06,-9.96E+05,1.57E+04,-3.68E+05,-1.07E+03,-1.93E+02,4.52E+03,1.32E+01
,,,,,,,,,
,,,,,,,,,
,,,,,,,,,
2029-Jun-27 ,-5.46E+07,-5.52E+06,-1.02E+06,1.04E+05,-3.57E+05,7.18E+03,-1.28E+03,4.39E+03,-8.83E+01
,,,,,,,,,
,,,,,,,,,
,,,,,,,,,
2029-Jun-28 ,-5.47E+07,-6.32E+06,-1.04E+06,1.87E+05,-3.27E+05,1.50E+04,-2.30E+03,4.02E+03,-1.85E+02
,,,,,,,,,
,,,,,,,,,
,,,,,,,,,
2029-Jun-29 ,-5.49E+07,-7.12E+06,-1.06E+06,2.60E+05,-2.79E+05,2.21E+04,-3.20E+03,3.43E+03,-2.71E+02
,,,,,,,,,
,,,,,,,,,
,,,,,,,,,
2029-Jun-30 ,-5.50E+07,-7.93E+06,-1.08E+06,3.19E+05,-2.17E+05,2.79E+04,-3.93E+03,2.66E+03,-3.44E+02