Date,RH120 X [km],RH120 Y [km],RH120 Z [km],L2 X [km],L2 Y [km],L2 Z [km],,X-X,Y-Y,Z-Z,mag
2027-Sep-01 ,1.21E+07,4.03E+07,-1.34E+06,-4.00E+05,1.33E+05,-1.97E+04,,1.25E+07,4.01E+07,-1.32E+06,4.21E+07
,,,,,,,,,,,
,,,,,,,,,,,
,,,,,,,,,,,
2027-Sep-02 ,1.14E+07,4.04E+07,-1.32E+06,-4.23E+05,2.61E+04,-2.77E+04,,1.18E+07,4.04E+07,-1.30E+06,4.21E+07
,,,,,,,,,,,
,,,,,,,,,,,
,,,,,,,,,,,
2027-Sep-03 ,1.07E+07,4.06E+07,-1.31E+06,-4.21E+05,-8.19E+04,-3.40E+04,,1.11E+07,4.07E+07,-1.27E+06,4.22E+07
,,,,,,,,,,,
,,,,,,,,,,,
,,,,,,,,,,,
2027-Sep-04 ,1.00E+07,4.07E+07,-1.29E+06,-3.94E+05,-1.85E+05,-3.83E+04,,1.04E+07,4.09E+07,-1.25E+06,4.22E+07
,,,,,,,,,,,
,,,,,,,,,,,
,,,,,,,,,,,
2027-Sep-05 ,9.29E+06,4.09E+07,-1.28E+06,-3.45E+05,-2.77E+05,-4.03E+04,,9.64E+06,4.11E+07,-1.24E+06,4.23E+07
,,,,,,,,,,,
,,,,,,,,,,,
,,,,,,,,,,,
2027-Sep-06 ,8.58E+06,4.10E+07,-1.26E+06,-2.76E+05,-3.54E+05,-4.02E+04,,8.86E+06,4.13E+07,-1.22E+06,4.23E+07
,,,,,,,,,,,
,,,,,,,,,,,
,,,,,,,,,,,
2027-Sep-07 ,7.87E+06,4.11E+07,-1.24E+06,-1.94E+05,-4.13E+05,-3.80E+04,,8.06E+06,4.15E+07,-1.21E+06,4.23E+07
,,,,,,,,,,,
,,,,,,,,,,,
,,,,,,,,,,,
2027-Sep-08 ,7.15E+06,4.12E+07,-1.23E+06,-1.01E+05,-4.51E+05,-3.38E+04,,7.26E+06,4.16E+07,-1.19E+06,4.23E+07
,,,,,,,,,,,
,,,,,,,,,,,
,,,,,,,,,,,
2027-Sep-09 ,6.44E+06,4.13E+07,-1.21E+06,-4.06E+03,-4.67E+05,-2.80E+04,,6.44E+06,4.17E+07,-1.18E+06,4.22E+07
,,,,,,,,,,,
,,,,,,,,,,,
,,,,,,,,,,,
2027-Sep-10 ,5.73E+06,4.13E+07,-1.19E+06,9.35E+04,-4.61E+05,-2.09E+04,,5.63E+06,4.18E+07,-1.17E+06,4.22E+07
,,,,,,,,,,,
,,,,,,,,,,,
,,,,,,,,,,,
2027-Sep-11 ,5.01E+06,4.14E+07,-1.17E+06,1.87E+05,-4.34E+05,-1.28E+04,,4.82E+06,4.18E+07,-1.16E+06,4.21E+07
,,,,,,,,,,,
,,,,,,,,,,,
,,,,,,,,,,,
2027-Sep-12 ,4.30E+06,4.14E+07,-1.15E+06,2.72E+05,-3.87E+05,-4.19E+03,,4.02E+06,4.18E+07,-1.15E+06,4.20E+07
,,,,,,,,,,,
,,,,,,,,,,,
,,,,,,,,,,,
2027-Sep-13 ,3.58E+06,4.15E+07,-1.13E+06,3.45E+05,-3.23E+05,4.65E+03,,3.24E+06,4.18E+07,-1.14E+06,4.19E+07
,,,,,,,,,,,
,,,,,,,,,,,
,,,,,,,,,,,
2027-Sep-14 ,2.87E+06,4.15E+07,-1.11E+06,4.03E+05,-2.44E+05,1.33E+04,,2.47E+06,4.17E+07,-1.13E+06,4.18E+07
,,,,,,,,,,,
,,,,,,,,,,,
,,,,,,,,,,,
2027-Sep-15 ,2.16E+06,4.15E+07,-1.10E+06,4.43E+05,-1.54E+05,2.13E+04,,1.71E+06,4.17E+07,-1.12E+06,4.17E+07
,,,,,,,,,,,
,,,,,,,,,,,
,,,,,,,,,,,
2027-Sep-16 ,1.44E+06,4.15E+07,-1.08E+06,4.62E+05,-5.70E+04,2.83E+04,,9.81E+05,4.16E+07,-1.10E+06,4.16E+07
,,,,,,,,,,,
,,,,,,,,,,,
,,,,,,,,,,,
2027-Sep-17 ,7.31E+05,4.15E+07,-1.05E+06,4.60E+05,4.28E+04,3.40E+04,,2.71E+05,4.14E+07,-1.09E+06,4.15E+07
,,,,,,,,,,,
,,,,,,,,,,,
,,,,,,,,,,,
2027-Sep-18 ,2.02E+04,4.15E+07,-1.03E+06,4.36E+05,1.40E+05,3.80E+04,,-4.16E+05,4.13E+07,-1.07E+06,4.13E+07
,,,,,,,,,,,
,,,,,,,,,,,
,,,,,,,,,,,
2027-Sep-19 ,-6.89E+05,4.14E+07,-1.01E+06,3.90E+05,2.31E+05,4.02E+04,,-1.08E+06,4.12E+07,-1.05E+06,4.12E+07
,,,,,,,,,,,
,,,,,,,,,,,
,,,,,,,,,,,
2027-Sep-20 ,-1.40E+06,4.14E+07,-9.93E+05,3.26E+05,3.10E+05,4.03E+04,,-1.72E+06,4.11E+07,-1.03E+06,4.11E+07
,,,,,,,,,,,
,,,,,,,,,,,
,,,,,,,,,,,
2027-Sep-21 ,-2.10E+06,4.13E+07,-9.71E+05,2.44E+05,3.73E+05,3.83E+04,,-2.35E+06,4.10E+07,-1.01E+06,4.10E+07
,,,,,,,,,,,
,,,,,,,,,,,
,,,,,,,,,,,
2027-Sep-22 ,-2.81E+06,4.13E+07,-9.50E+05,1.50E+05,4.15E+05,3.42E+04,,-2.96E+06,4.08E+07,-9.84E+05,4.10E+07
,,,,,,,,,,,
,,,,,,,,,,,
,,,,,,,,,,,
2027-Sep-23 ,-3.51E+06,4.12E+07,-9.28E+05,4.71E+04,4.35E+05,2.83E+04,,-3.56E+06,4.07E+07,-9.56E+05,4.09E+07
,,,,,,,,,,,
,,,,,,,,,,,
,,,,,,,,,,,
2027-Sep-24 ,-4.21E+06,4.11E+07,-9.06E+05,-5.81E+04,4.29E+05,2.07E+04,,-4.15E+06,4.07E+07,-9.27E+05,4.09E+07
,,,,,,,,,,,
,,,,,,,,,,,
,,,,,,,,,,,
2027-Sep-25 ,-4.91E+06,4.10E+07,-8.83E+05,-1.60E+05,3.99E+05,1.19E+04,,-4.75E+06,4.06E+07,-8.95E+05,4.09E+07
,,,,,,,,,,,
,,,,,,,,,,,
,,,,,,,,,,,
2027-Sep-26 ,-5.60E+06,4.09E+07,-8.61E+05,-2.52E+05,3.45E+05,2.43E+03,,-5.35E+06,4.05E+07,-8.63E+05,4.09E+07
,,,,,,,,,,,
,,,,,,,,,,,
,,,,,,,,,,,
2027-Sep-27 ,-6.29E+06,4.07E+07,-8.38E+05,-3.29E+05,2.69E+05,-7.21E+03,,-5.96E+06,4.05E+07,-8.31E+05,4.09E+07
,,,,,,,,,,,
,,,,,,,,,,,
,,,,,,,,,,,
2027-Sep-28 ,-6.98E+06,4.06E+07,-8.15E+05,-3.86E+05,1.76E+05,-1.64E+04,,-6.59E+06,4.04E+07,-7.99E+05,4.09E+07
,,,,,,,,,,,
,,,,,,,,,,,
,,,,,,,,,,,
2027-Sep-29 ,-7.66E+06,4.04E+07,-7.92E+05,-4.19E+05,7.28E+04,-2.46E+04,,-7.24E+06,4.04E+07,-7.67E+05,4.10E+07
,,,,,,,,,,,
,,,,,,,,,,,
,,,,,,,,,,,
2027-Sep-30 ,-8.34E+06,4.03E+07,-7.68E+05,-4.26E+05,-3.54E+04,-3.12E+04,,-7.92E+06,4.03E+07,-7.37E+05,4.11E+07
,,,,,,,,,,,
,,,,,,,,,,,
,,,,,,,,,,,
2027-Oct-01 ,-9.02E+06,4.01E+07,-7.45E+05,-4.07E+05,-1.41E+05,-3.60E+04,,-8.61E+06,4.02E+07,-7.09E+05,4.11E+07
,,,,,,,,,,,
,,,,,,,,,,,
,,,,,,,,,,,
2027-Oct-02 ,-9.69E+06,3.99E+07,-7.21E+05,-3.65E+05,-2.39E+05,-3.86E+04,,-9.33E+06,4.01E+07,-6.82E+05,4.12E+07
,,,,,,,,,,,
,,,,,,,,,,,
,,,,,,,,,,,
2027-Oct-03 ,-1.04E+07,3.97E+07,-6.96E+05,-3.02E+05,-3.23E+05,-3.90E+04,,-1.01E+07,4.00E+07,-6.57E+05,4.13E+07
,,,,,,,,,,,
,,,,,,,,,,,
,,,,,,,,,,,
2027-Oct-04 ,-1.10E+07,3.95E+07,-6.72E+05,-2.24E+05,-3.90E+05,-3.73E+04,,-1.08E+07,3.99E+07,-6.35E+05,4.13E+07
,,,,,,,,,,,
,,,,,,,,,,,
,,,,,,,,,,,
2027-Oct-05 ,-1.17E+07,3.93E+07,-6.47E+05,-1.33E+05,-4.36E+05,-3.36E+04,,-1.15E+07,3.97E+07,-6.14E+05,4.14E+07
,,,,,,,,,,,
,,,,,,,,,,,
,,,,,,,,,,,
2027-Oct-06 ,-1.23E+07,3.90E+07,-6.22E+05,-3.61E+04,-4.61E+05,-2.82E+04,,-1.23E+07,3.95E+07,-5.94E+05,4.14E+07
,,,,,,,,,,,
,,,,,,,,,,,
,,,,,,,,,,,
2027-Oct-07 ,-1.30E+07,3.88E+07,-5.97E+05,6.25E+04,-4.63E+05,-2.15E+04,,-1.30E+07,3.93E+07,-5.76E+05,4.14E+07
,,,,,,,,,,,
,,,,,,,,,,,
,,,,,,,,,,,
2027-Oct-08 ,-1.36E+07,3.86E+07,-5.72E+05,1.58E+05,-4.43E+05,-1.37E+04,,-1.38E+07,3.90E+07,-5.58E+05,4.14E+07
,,,,,,,,,,,
,,,,,,,,,,,
,,,,,,,,,,,
2027-Oct-09 ,-1.43E+07,3.83E+07,-5.47E+05,2.47E+05,-4.03E+05,-5.36E+03,,-1.45E+07,3.87E+07,-5.41E+05,4.13E+07
,,,,,,,,,,,
,,,,,,,,,,,
,,,,,,,,,,,
2027-Oct-10 ,-1.49E+07,3.80E+07,-5.21E+05,3.24E+05,-3.44E+05,3.27E+03,,-1.52E+07,3.84E+07,-5.24E+05,4.13E+07
,,,,,,,,,,,
,,,,,,,,,,,
,,,,,,,,,,,
2027-Oct-11 ,-1.55E+07,3.77E+07,-4.95E+05,3.86E+05,-2.69E+05,1.17E+04,,-1.59E+07,3.80E+07,-5.07E+05,4.12E+07
,,,,,,,,,,,
,,,,,,,,,,,
,,,,,,,,,,,
2027-Oct-12 ,-1.61E+07,3.74E+07,-4.70E+05,4.32E+05,-1.82E+05,1.97E+04,,-1.66E+07,3.76E+07,-4.89E+05,4.11E+07
,,,,,,,,,,,
,,,,,,,,,,,
,,,,,,,,,,,
2027-Oct-13 ,-1.68E+07,3.71E+07,-4.44E+05,4.57E+05,-8.69E+04,2.67E+04,,-1.72E+07,3.72E+07,-4.70E+05,4.10E+07
,,,,,,,,,,,
,,,,,,,,,,,
,,,,,,,,,,,
2027-Oct-14 ,-1.74E+07,3.68E+07,-4.17E+05,4.61E+05,1.28E+04,3.25E+04,,-1.78E+07,3.68E+07,-4.50E+05,4.09E+07
,,,,,,,,,,,
,,,,,,,,,,,
,,,,,,,,,,,
2027-Oct-15 ,-1.80E+07,3.65E+07,-3.91E+05,4.42E+05,1.12E+05,3.66E+04,,-1.84E+07,3.64E+07,-4.28E+05,4.08E+07
,,,,,,,,,,,
,,,,,,,,,,,
,,,,,,,,,,,
2027-Oct-16 ,-1.86E+07,3.62E+07,-3.65E+05,4.02E+05,2.06E+05,3.89E+04,,-1.90E+07,3.60E+07,-4.04E+05,4.07E+07
,,,,,,,,,,,
,,,,,,,,,,,
,,,,,,,,,,,
2027-Oct-17 ,-1.91E+07,3.58E+07,-3.39E+05,3.42E+05,2.89E+05,3.93E+04,,-1.95E+07,3.55E+07,-3.78E+05,4.05E+07
,,,,,,,,,,,
,,,,,,,,,,,
,,,,,,,,,,,
2027-Oct-18 ,-1.97E+07,3.55E+07,-3.12E+05,2.64E+05,3.57E+05,3.75E+04,,-2.00E+07,3.51E+07,-3.50E+05,4.04E+07
,,,,,,,,,,,
,,,,,,,,,,,
,,,,,,,,,,,
2027-Oct-19 ,-2.03E+07,3.51E+07,-2.86E+05,1.72E+05,4.06E+05,3.37E+04,,-2.05E+07,3.47E+07,-3.19E+05,4.03E+07
,,,,,,,,,,,
,,,,,,,,,,,
,,,,,,,,,,,
2027-Oct-20 ,-2.09E+07,3.47E+07,-2.59E+05,7.05E+04,4.33E+05,2.81E+04,,-2.09E+07,3.43E+07,-2.87E+05,4.02E+07
,,,,,,,,,,,
,,,,,,,,,,,
,,,,,,,,,,,
2027-Oct-21 ,-2.14E+07,3.44E+07,-2.32E+05,-3.46E+04,4.35E+05,2.08E+04,,-2.14E+07,3.39E+07,-2.53E+05,4.01E+07
,,,,,,,,,,,
,,,,,,,,,,,
,,,,,,,,,,,
2027-Oct-22 ,-2.20E+07,3.40E+07,-2.06E+05,-1.38E+05,4.12E+05,1.24E+04,,-2.18E+07,3.36E+07,-2.18E+05,4.00E+07
,,,,,,,,,,,
,,,,,,,,,,,
,,,,,,,,,,,
2027-Oct-23 ,-2.25E+07,3.36E+07,-1.79E+05,-2.32E+05,3.65E+05,3.21E+03,,-2.23E+07,3.32E+07,-1.82E+05,4.00E+07
,,,,,,,,,,,
,,,,,,,,,,,
,,,,,,,,,,,
2027-Oct-24 ,-2.31E+07,3.32E+07,-1.52E+05,-3.13E+05,2.96E+05,-6.15E+03,,-2.28E+07,3.29E+07,-1.46E+05,4.00E+07
,,,,,,,,,,,
,,,,,,,,,,,
,,,,,,,,,,,
2027-Oct-25 ,-2.36E+07,3.27E+07,-1.25E+05,-3.76E+05,2.10E+05,-1.51E+04,,-2.32E+07,3.25E+07,-1.10E+05,4.00E+07
,,,,,,,,,,,
,,,,,,,,,,,
,,,,,,,,,,,
2027-Oct-26 ,-2.41E+07,3.23E+07,-9.85E+04,-4.16E+05,1.11E+05,-2.32E+04,,-2.37E+07,3.22E+07,-7.53E+04,4.00E+07
,,,,,,,,,,,
,,,,,,,,,,,
,,,,,,,,,,,
2027-Oct-27 ,-2.46E+07,3.19E+07,-7.16E+04,-4.31E+05,4.61E+03,-2.99E+04,,-2.42E+07,3.19E+07,-4.17E+04,4.00E+07
,,,,,,,,,,,
,,,,,,,,,,,
,,,,,,,,,,,
2027-Oct-28 ,-2.51E+07,3.14E+07,-4.47E+04,-4.21E+05,-1.02E+05,-3.48E+04,,-2.47E+07,3.15E+07,-9.83E+03,4.01E+07
,,,,,,,,,,,
,,,,,,,,,,,
,,,,,,,,,,,
2027-Oct-29 ,-2.56E+07,3.10E+07,-1.77E+04,-3.86E+05,-2.02E+05,-3.77E+04,,-2.52E+07,3.12E+07,2.00E+04,4.01E+07
,,,,,,,,,,,
,,,,,,,,,,,
,,,,,,,,,,,
2027-Oct-30 ,-2.61E+07,3.05E+07,9.37E+03,-3.30E+05,-2.92E+05,-3.84E+04,,-2.58E+07,3.08E+07,4.78E+04,4.02E+07
,,,,,,,,,,,
,,,,,,,,,,,
,,,,,,,,,,,
2027-Oct-31 ,-2.66E+07,3.01E+07,3.64E+04,-2.56E+05,-3.65E+05,-3.70E+04,,-2.63E+07,3.04E+07,7.34E+04,4.02E+07
,,,,,,,,,,,
,,,,,,,,,,,
,,,,,,,,,,,
2027-Nov-01 ,-2.70E+07,2.96E+07,6.35E+04,-1.68E+05,-4.19E+05,-3.36E+04,,-2.69E+07,3.00E+07,9.71E+04,4.03E+07
,,,,,,,,,,,
,,,,,,,,,,,
,,,,,,,,,,,
2027-Nov-02 ,-2.75E+07,2.91E+07,9.05E+04,-7.23E+04,-4.52E+05,-2.85E+04,,-2.74E+07,2.95E+07,1.19E+05,4.03E+07
,,,,,,,,,,,
,,,,,,,,,,,
,,,,,,,,,,,
2027-Nov-03 ,-2.79E+07,2.86E+07,1.18E+05,2.72E+04,-4.62E+05,-2.19E+04,,-2.80E+07,2.91E+07,1.39E+05,4.03E+07
,,,,,,,,,,,
,,,,,,,,,,,
,,,,,,,,,,,
2027-Nov-04 ,-2.84E+07,2.81E+07,1.45E+05,1.25E+05,-4.50E+05,-1.43E+04,,-2.85E+07,2.86E+07,1.59E+05,4.04E+07
,,,,,,,,,,,
,,,,,,,,,,,
,,,,,,,,,,,
2027-Nov-05 ,-2.88E+07,2.76E+07,1.72E+05,2.17E+05,-4.17E+05,-6.01E+03,,-2.90E+07,2.80E+07,1.78E+05,4.03E+07
,,,,,,,,,,,
,,,,,,,,,,,
,,,,,,,,,,,
2027-Nov-06 ,-2.92E+07,2.71E+07,1.99E+05,2.99E+05,-3.65E+05,2.56E+03,,-2.95E+07,2.75E+07,1.96E+05,4.03E+07
,,,,,,,,,,,
,,,,,,,,,,,
,,,,,,,,,,,
2027-Nov-07 ,-2.96E+07,2.66E+07,2.25E+05,3.67E+05,-2.96E+05,1.10E+04,,-3.00E+07,2.69E+07,2.14E+05,4.03E+07
,,,,,,,,,,,
,,,,,,,,,,,
,,,,,,,,,,,
2027-Nov-08 ,-3.00E+07,2.61E+07,2.52E+05,4.19E+05,-2.13E+05,1.90E+04,,-3.04E+07,2.63E+07,2.33E+05,4.02E+07
,,,,,,,,,,,
,,,,,,,,,,,
,,,,,,,,,,,
2027-Nov-09 ,-3.04E+07,2.55E+07,2.79E+05,4.51E+05,-1.21E+05,2.60E+04,,-3.09E+07,2.57E+07,2.53E+05,4.01E+07
,,,,,,,,,,,
,,,,,,,,,,,
,,,,,,,,,,,
2027-Nov-10 ,-3.08E+07,2.50E+07,3.06E+05,4.62E+05,-2.25E+04,3.19E+04,,-3.12E+07,2.50E+07,2.74E+05,4.00E+07
,,,,,,,,,,,
,,,,,,,,,,,
,,,,,,,,,,,
2027-Nov-11 ,-3.12E+07,2.45E+07,3.32E+05,4.51E+05,7.71E+04,3.62E+04,,-3.16E+07,2.44E+07,2.96E+05,3.99E+07
,,,,,,,,,,,
,,,,,,,,,,,
,,,,,,,,,,,
2027-Nov-12 ,-3.15E+07,2.39E+07,3.58E+05,4.17E+05,1.73E+05,3.87E+04,,-3.19E+07,2.38E+07,3.20E+05,3.98E+07
,,,,,,,,,,,
,,,,,,,,,,,
,,,,,,,,,,,
2027-Nov-13 ,-3.19E+07,2.34E+07,3.85E+05,3.62E+05,2.60E+05,3.92E+04,,-3.22E+07,2.31E+07,3.46E+05,3.97E+07
,,,,,,,,,,,
,,,,,,,,,,,
,,,,,,,,,,,
2027-Nov-14 ,-3.22E+07,2.28E+07,4.11E+05,2.89E+05,3.34E+05,3.76E+04,,-3.25E+07,2.25E+07,3.73E+05,3.95E+07
,,,,,,,,,,,
,,,,,,,,,,,
,,,,,,,,,,,
2027-Nov-15 ,-3.25E+07,2.23E+07,4.37E+05,1.99E+05,3.89E+05,3.39E+04,,-3.27E+07,2.19E+07,4.03E+05,3.94E+07
,,,,,,,,,,,
,,,,,,,,,,,
,,,,,,,,,,,
2027-Nov-16 ,-3.28E+07,2.17E+07,4.63E+05,9.86E+04,4.23E+05,2.83E+04,,-3.29E+07,2.13E+07,4.35E+05,3.92E+07
,,,,,,,,,,,
,,,,,,,,,,,
,,,,,,,,,,,
2027-Nov-17 ,-3.31E+07,2.11E+07,4.89E+05,-7.37E+03,4.33E+05,2.11E+04,,-3.31E+07,2.07E+07,4.67E+05,3.91E+07
,,,,,,,,,,,
,,,,,,,,,,,
,,,,,,,,,,,
2027-Nov-18 ,-3.34E+07,2.06E+07,5.14E+05,-1.13E+05,4.17E+05,1.26E+04,,-3.33E+07,2.02E+07,5.02E+05,3.89E+07
,,,,,,,,,,,
,,,,,,,,,,,
,,,,,,,,,,,
2027-Nov-19 ,-3.37E+07,2.00E+07,5.40E+05,-2.11E+05,3.76E+05,3.36E+03,,-3.35E+07,1.96E+07,5.36E+05,3.88E+07
,,,,,,,,,,,
,,,,,,,,,,,
,,,,,,,,,,,
2027-Nov-20 ,-3.40E+07,1.94E+07,5.65E+05,-2.97E+05,3.13E+05,-6.08E+03,,-3.37E+07,1.91E+07,5.71E+05,3.87E+07
,,,,,,,,,,,
,,,,,,,,,,,
,,,,,,,,,,,
2027-Nov-21 ,-3.42E+07,1.88E+07,5.90E+05,-3.65E+05,2.32E+05,-1.51E+04,,-3.39E+07,1.86E+07,6.05E+05,3.86E+07
,,,,,,,,,,,
,,,,,,,,,,,
,,,,,,,,,,,
2027-Nov-22 ,-3.45E+07,1.82E+07,6.15E+05,-4.11E+05,1.37E+05,-2.33E+04,,-3.41E+07,1.81E+07,6.38E+05,3.86E+07
,,,,,,,,,,,
,,,,,,,,,,,
,,,,,,,,,,,
2027-Nov-23 ,-3.47E+07,1.77E+07,6.40E+05,-4.34E+05,3.33E+04,-3.01E+04,,-3.43E+07,1.76E+07,6.70E+05,3.85E+07
,,,,,,,,,,,
,,,,,,,,,,,
,,,,,,,,,,,
2027-Nov-24 ,-3.49E+07,1.71E+07,6.64E+05,-4.31E+05,-7.21E+04,-3.52E+04,,-3.45E+07,1.71E+07,6.99E+05,3.85E+07
,,,,,,,,,,,
,,,,,,,,,,,
,,,,,,,,,,,
2027-Nov-25 ,-3.51E+07,1.65E+07,6.89E+05,-4.04E+05,-1.74E+05,-3.83E+04,,-3.47E+07,1.66E+07,7.27E+05,3.85E+07
,,,,,,,,,,,
,,,,,,,,,,,
,,,,,,,,,,,
2027-Nov-26 ,-3.53E+07,1.59E+07,7.13E+05,-3.55E+05,-2.66E+05,-3.92E+04,,-3.50E+07,1.61E+07,7.52E+05,3.85E+07
,,,,,,,,,,,
,,,,,,,,,,,
,,,,,,,,,,,
2027-Nov-27 ,-3.55E+07,1.53E+07,7.37E+05,-2.86E+05,-3.44E+05,-3.80E+04,,-3.52E+07,1.56E+07,7.75E+05,3.86E+07
,,,,,,,,,,,
,,,,,,,,,,,
,,,,,,,,,,,
2027-Nov-28 ,-3.57E+07,1.47E+07,7.61E+05,-2.02E+05,-4.04E+05,-3.48E+04,,-3.55E+07,1.51E+07,7.96E+05,3.86E+07
,,,,,,,,,,,
,,,,,,,,,,,
,,,,,,,,,,,
2027-Nov-29 ,-3.59E+07,1.41E+07,7.84E+05,-1.08E+05,-4.43E+05,-2.97E+04,,-3.58E+07,1.45E+07,8.14E+05,3.86E+07
,,,,,,,,,,,
,,,,,,,,,,,
,,,,,,,,,,,
2027-Nov-30 ,-3.60E+07,1.35E+07,8.08E+05,-8.71E+03,-4.61E+05,-2.32E+04,,-3.60E+07,1.39E+07,8.31E+05,3.86E+07
,,,,,,,,,,,
,,,,,,,,,,,
,,,,,,,,,,,
2027-Dec-01 ,-3.62E+07,1.29E+07,8.31E+05,9.09E+04,-4.56E+05,-1.55E+04,,-3.63E+07,1.33E+07,8.47E+05,3.86E+07
,,,,,,,,,,,
,,,,,,,,,,,
,,,,,,,,,,,
2027-Dec-02 ,-3.63E+07,1.23E+07,8.54E+05,1.86E+05,-4.30E+05,-7.12E+03,,-3.65E+07,1.27E+07,8.61E+05,3.86E+07
,,,,,,,,,,,
,,,,,,,,,,,
,,,,,,,,,,,
2027-Dec-03 ,-3.64E+07,1.17E+07,8.77E+05,2.73E+05,-3.84E+05,1.62E+03,,-3.67E+07,1.20E+07,8.75E+05,3.86E+07
,,,,,,,,,,,
,,,,,,,,,,,
,,,,,,,,,,,
2027-Dec-04 ,-3.65E+07,1.11E+07,8.99E+05,3.46E+05,-3.21E+05,1.03E+04,,-3.69E+07,1.14E+07,8.89E+05,3.86E+07
,,,,,,,,,,,
,,,,,,,,,,,
,,,,,,,,,,,
2027-Dec-05 ,-3.66E+07,1.04E+07,9.22E+05,4.04E+05,-2.43E+05,1.85E+04,,-3.70E+07,1.07E+07,9.03E+05,3.85E+07
,,,,,,,,,,,
,,,,,,,,,,,
,,,,,,,,,,,
2027-Dec-06 ,-3.67E+07,9.84E+06,9.44E+05,4.44E+05,-1.55E+05,2.58E+04,,-3.71E+07,1.00E+07,9.18E+05,3.85E+07
,,,,,,,,,,,
,,,,,,,,,,,
,,,,,,,,,,,
2027-Dec-07 ,-3.68E+07,9.24E+06,9.65E+05,4.63E+05,-5.88E+04,3.20E+04,,-3.72E+07,9.30E+06,9.33E+05,3.84E+07
,,,,,,,,,,,
,,,,,,,,,,,
,,,,,,,,,,,
2027-Dec-08 ,-3.68E+07,8.63E+06,9.87E+05,4.60E+05,3.99E+04,3.66E+04,,-3.73E+07,8.59E+06,9.50E+05,3.83E+07
,,,,,,,,,,,
,,,,,,,,,,,
,,,,,,,,,,,
2027-Dec-09 ,-3.69E+07,8.03E+06,1.01E+06,4.35E+05,1.37E+05,3.95E+04,,-3.73E+07,7.89E+06,9.68E+05,3.82E+07
,,,,,,,,,,,
,,,,,,,,,,,
,,,,,,,,,,,
2027-Dec-10 ,-3.69E+07,7.43E+06,1.03E+06,3.88E+05,2.27E+05,4.04E+04,,-3.73E+07,7.20E+06,9.88E+05,3.80E+07
,,,,,,,,,,,
,,,,,,,,,,,
,,,,,,,,,,,
2027-Dec-11 ,-3.70E+07,6.83E+06,1.05E+06,3.20E+05,3.06E+05,3.92E+04,,-3.73E+07,6.52E+06,1.01E+06,3.79E+07
,,,,,,,,,,,
,,,,,,,,,,,
,,,,,,,,,,,
2027-Dec-12 ,-3.70E+07,6.23E+06,1.07E+06,2.36E+05,3.68E+05,3.58E+04,,-3.72E+07,5.86E+06,1.03E+06,3.77E+07
,,,,,,,,,,,
,,,,,,,,,,,
,,,,,,,,,,,
2027-Dec-13 ,-3.70E+07,5.63E+06,1.09E+06,1.38E+05,4.09E+05,3.04E+04,,-3.71E+07,5.22E+06,1.06E+06,3.75E+07
,,,,,,,,,,,
,,,,,,,,,,,
,,,,,,,,,,,
2027-Dec-14 ,-3.70E+07,5.03E+06,1.11E+06,3.19E+04,4.27E+05,2.32E+04,,-3.70E+07,4.60E+06,1.09E+06,3.73E+07
,,,,,,,,,,,
,,,,,,,,,,,
,,,,,,,,,,,
2027-Dec-15 ,-3.70E+07,4.43E+06,1.13E+06,-7.60E+04,4.19E+05,1.45E+04,,-3.69E+07,4.02E+06,1.11E+06,3.71E+07
,,,,,,,,,,,
,,,,,,,,,,,
,,,,,,,,,,,
2027-Dec-16 ,-3.69E+07,3.84E+06,1.15E+06,-1.79E+05,3.86E+05,5.03E+03,,-3.68E+07,3.46E+06,1.14E+06,3.69E+07
,,,,,,,,,,,
,,,,,,,,,,,
,,,,,,,,,,,
2027-Dec-17 ,-3.69E+07,3.25E+06,1.17E+06,-2.71E+05,3.28E+05,-4.80E+03,,-3.66E+07,2.92E+06,1.17E+06,3.68E+07
,,,,,,,,,,,
,,,,,,,,,,,
,,,,,,,,,,,
2027-Dec-18 ,-3.68E+07,2.66E+06,1.18E+06,-3.46E+05,2.51E+05,-1.43E+04,,-3.65E+07,2.41E+06,1.20E+06,3.66E+07
,,,,,,,,,,,
,,,,,,,,,,,
,,,,,,,,,,,
2027-Dec-19 ,-3.68E+07,2.08E+06,1.20E+06,-4.00E+05,1.59E+05,-2.30E+04,,-3.64E+07,1.92E+06,1.22E+06,3.65E+07
,,,,,,,,,,,
,,,,,,,,,,,
,,,,,,,,,,,
2027-Dec-20 ,-3.67E+07,1.49E+06,1.22E+06,-4.30E+05,5.66E+04,-3.03E+04,,-3.63E+07,1.44E+06,1.25E+06,3.63E+07
,,,,,,,,,,,
,,,,,,,,,,,
,,,,,,,,,,,
2027-Dec-21 ,-3.66E+07,9.16E+05,1.24E+06,-4.34E+05,-4.86E+04,-3.58E+04,,-3.62E+07,9.65E+05,1.27E+06,3.62E+07
,,,,,,,,,,,
,,,,,,,,,,,
,,,,,,,,,,,
2027-Dec-22 ,-3.65E+07,3.41E+05,1.25E+06,-4.14E+05,-1.51E+05,-3.92E+04,,-3.61E+07,4.92E+05,1.29E+06,3.62E+07
,,,,,,,,,,,
,,,,,,,,,,,
,,,,,,,,,,,
2027-Dec-23 ,-3.64E+07,-2.30E+05,1.27E+06,-3.71E+05,-2.45E+05,-4.05E+04,,-3.61E+07,1.53E+04,1.31E+06,3.61E+07
,,,,,,,,,,,
,,,,,,,,,,,
,,,,,,,,,,,
2027-Dec-24 ,-3.63E+07,-7.97E+05,1.29E+06,-3.08E+05,-3.27E+05,-3.96E+04,,-3.60E+07,-4.70E+05,1.32E+06,3.60E+07
,,,,,,,,,,,
,,,,,,,,,,,
,,,,,,,,,,,
2027-Dec-25 ,-3.62E+07,-1.36E+06,1.30E+06,-2.29E+05,-3.91E+05,-3.67E+04,,-3.60E+07,-9.68E+05,1.34E+06,3.60E+07
,,,,,,,,,,,
,,,,,,,,,,,
,,,,,,,,,,,
2027-Dec-26 ,-3.61E+07,-1.92E+06,1.32E+06,-1.38E+05,-4.36E+05,-3.18E+04,,-3.59E+07,-1.48E+06,1.35E+06,3.60E+07
,,,,,,,,,,,
,,,,,,,,,,,
,,,,,,,,,,,
2027-Dec-27 ,-3.59E+07,-2.47E+06,1.33E+06,-4.01E+04,-4.60E+05,-2.54E+04,,-3.59E+07,-2.01E+06,1.36E+06,3.60E+07
,,,,,,,,,,,
,,,,,,,,,,,
,,,,,,,,,,,
2027-Dec-28 ,-3.58E+07,-3.02E+06,1.35E+06,5.97E+04,-4.62E+05,-1.78E+04,,-3.58E+07,-2.56E+06,1.36E+06,3.59E+07
,,,,,,,,,,,
,,,,,,,,,,,
,,,,,,,,,,,
2027-Dec-29 ,-3.56E+07,-3.56E+06,1.36E+06,1.57E+05,-4.42E+05,-9.24E+03,,-3.58E+07,-3.12E+06,1.37E+06,3.59E+07
,,,,,,,,,,,
,,,,,,,,,,,
,,,,,,,,,,,
2027-Dec-30 ,-3.54E+07,-4.10E+06,1.37E+06,2.47E+05,-4.02E+05,-3.00E+02,,-3.57E+07,-3.70E+06,1.38E+06,3.59E+07
,,,,,,,,,,,
,,,,,,,,,,,
,,,,,,,,,,,
2027-Dec-31 ,-3.52E+07,-4.63E+06,1.39E+06,3.25E+05,-3.43E+05,8.66E+03,,-3.56E+07,-4.29E+06,1.38E+06,3.59E+07
,,,,,,,,,,,
,,,,,,,,,,,
,,,,,,,,,,,
2028-Jan-01 ,-3.51E+07,-5.16E+06,1.40E+06,3.89E+05,-2.70E+05,1.72E+04,,-3.54E+07,-4.89E+06,1.38E+06,3.58E+07
,,,,,,,,,,,
,,,,,,,,,,,
,,,,,,,,,,,
2028-Jan-02 ,-3.49E+07,-5.68E+06,1.41E+06,4.35E+05,-1.85E+05,2.50E+04,,-3.53E+07,-5.49E+06,1.39E+06,3.57E+07
,,,,,,,,,,,
,,,,,,,,,,,
,,,,,,,,,,,
2028-Jan-03 ,-3.46E+07,-6.19E+06,1.43E+06,4.62E+05,-9.10E+04,3.17E+04,,-3.51E+07,-6.10E+06,1.40E+06,3.57E+07
,,,,,,,,,,,
,,,,,,,,,,,
,,,,,,,,,,,
2028-Jan-04 ,-3.44E+07,-6.70E+06,1.44E+06,4.67E+05,6.55E+03,3.68E+04,,-3.49E+07,-6.70E+06,1.40E+06,3.56E+07
,,,,,,,,,,,
,,,,,,,,,,,
,,,,,,,,,,,
2028-Jan-05 ,-3.42E+07,-7.20E+06,1.45E+06,4.50E+05,1.04E+05,4.03E+04,,-3.46E+07,-7.30E+06,1.41E+06,3.54E+07
,,,,,,,,,,,
,,,,,,,,,,,
,,,,,,,,,,,
2028-Jan-06 ,-3.40E+07,-7.69E+06,1.46E+06,4.12E+05,1.96E+05,4.18E+04,,-3.44E+07,-7.89E+06,1.42E+06,3.53E+07
,,,,,,,,,,,
,,,,,,,,,,,
,,,,,,,,,,,
2028-Jan-07 ,-3.37E+07,-8.18E+06,1.47E+06,3.53E+05,2.78E+05,4.13E+04,,-3.41E+07,-8.46E+06,1.43E+06,3.51E+07
,,,,,,,,,,,
,,,,,,,,,,,
,,,,,,,,,,,
2028-Jan-08 ,-3.35E+07,-8.67E+06,1.48E+06,2.76E+05,3.46E+05,3.85E+04,,-3.37E+07,-9.01E+06,1.44E+06,3.50E+07
,,,,,,,,,,,
,,,,,,,,,,,
,,,,,,,,,,,
2028-Jan-09 ,-3.32E+07,-9.14E+06,1.49E+06,1.84E+05,3.95E+05,3.37E+04,,-3.34E+07,-9.54E+06,1.46E+06,3.48E+07
,,,,,,,,,,,
,,,,,,,,,,,
,,,,,,,,,,,
2028-Jan-10 ,-3.29E+07,-9.61E+06,1.50E+06,8.05E+04,4.22E+05,2.69E+04,,-3.30E+07,-1.00E+07,1.48E+06,3.45E+07
,,,,,,,,,,,
,,,,,,,,,,,
,,,,,,,,,,,
2028-Jan-11 ,-3.27E+07,-1.01E+07,1.51E+06,-2.75E+04,4.24E+05,1.86E+04,,-3.26E+07,-1.05E+07,1.49E+06,3.43E+07
,,,,,,,,,,,
,,,,,,,,,,,
,,,,,,,,,,,
2028-Jan-12 ,-3.24E+07,-1.05E+07,1.52E+06,-1.34E+05,3.99E+05,9.02E+03,,-3.23E+07,-1.09E+07,1.51E+06,3.41E+07
,,,,,,,,,,,
,,,,,,,,,,,
,,,,,,,,,,,
2028-Jan-13 ,-3.21E+07,-1.10E+07,1.53E+06,-2.32E+05,3.50E+05,-1.10E+03,,-3.19E+07,-1.13E+07,1.53E+06,3.39E+07
,,,,,,,,,,,
,,,,,,,,,,,
,,,,,,,,,,,
2028-Jan-14 ,-3.18E+07,-1.14E+07,1.54E+06,-3.15E+05,2.78E+05,-1.11E+04,,-3.15E+07,-1.17E+07,1.55E+06,3.36E+07
,,,,,,,,,,,
,,,,,,,,,,,
,,,,,,,,,,,
2028-Jan-15 ,-3.15E+07,-1.18E+07,1.54E+06,-3.77E+05,1.88E+05,-2.05E+04,,-3.11E+07,-1.20E+07,1.56E+06,3.34E+07
,,,,,,,,,,,
,,,,,,,,,,,
,,,,,,,,,,,
2028-Jan-16 ,-3.12E+07,-1.23E+07,1.55E+06,-4.16E+05,8.67E+04,-2.85E+04,,-3.08E+07,-1.24E+07,1.58E+06,3.32E+07
,,,,,,,,,,,
,,,,,,,,,,,
,,,,,,,,,,,
2028-Jan-17 ,-3.09E+07,-1.27E+07,1.56E+06,-4.29E+05,-1.99E+04,-3.47E+04,,-3.04E+07,-1.27E+07,1.59E+06,3.30E+07
,,,,,,,,,,,
,,,,,,,,,,,
,,,,,,,,,,,
2028-Jan-18 ,-3.05E+07,-1.31E+07,1.56E+06,-4.17E+05,-1.25E+05,-3.89E+04,,-3.01E+07,-1.30E+07,1.60E+06,3.28E+07
,,,,,,,,,,,
,,,,,,,,,,,
,,,,,,,,,,,
2028-Jan-19 ,-3.02E+07,-1.35E+07,1.57E+06,-3.81E+05,-2.23E+05,-4.09E+04,,-2.98E+07,-1.33E+07,1.61E+06,3.27E+07
,,,,,,,,,,,
,,,,,,,,,,,
,,,,,,,,,,,
2028-Jan-20 ,-2.99E+07,-1.39E+07,1.57E+06,-3.23E+05,-3.09E+05,-4.06E+04,,-2.96E+07,-1.36E+07,1.61E+06,3.26E+07
,,,,,,,,,,,
,,,,,,,,,,,
,,,,,,,,,,,
2028-Jan-21 ,-2.95E+07,-1.43E+07,1.58E+06,-2.48E+05,-3.78E+05,-3.81E+04,,-2.93E+07,-1.39E+07,1.62E+06,3.25E+07
,,,,,,,,,,,
,,,,,,,,,,,
,,,,,,,,,,,
2028-Jan-22 ,-2.92E+07,-1.47E+07,1.58E+06,-1.61E+05,-4.29E+05,-3.37E+04,,-2.90E+07,-1.42E+07,1.62E+06,3.24E+07
,,,,,,,,,,,
,,,,,,,,,,,
,,,,,,,,,,,
2028-Jan-23 ,-2.88E+07,-1.50E+07,1.59E+06,-6.52E+04,-4.58E+05,-2.76E+04,,-2.88E+07,-1.46E+07,1.61E+06,3.23E+07
,,,,,,,,,,,
,,,,,,,,,,,
,,,,,,,,,,,
2028-Jan-24 ,-2.85E+07,-1.54E+07,1.59E+06,3.38E+04,-4.65E+05,-2.01E+04,,-2.85E+07,-1.49E+07,1.61E+06,3.22E+07
,,,,,,,,,,,
,,,,,,,,,,,
,,,,,,,,,,,
2028-Jan-25 ,-2.81E+07,-1.57E+07,1.59E+06,1.31E+05,-4.51E+05,-1.18E+04,,-2.82E+07,-1.53E+07,1.60E+06,3.22E+07
,,,,,,,,,,,
,,,,,,,,,,,
,,,,,,,,,,,
2028-Jan-26 ,-2.77E+07,-1.61E+07,1.60E+06,2.23E+05,-4.16E+05,-2.83E+03,,-2.80E+07,-1.57E+07,1.60E+06,3.21E+07
,,,,,,,,,,,
,,,,,,,,,,,
,,,,,,,,,,,
2028-Jan-27 ,-2.74E+07,-1.64E+07,1.60E+06,3.05E+05,-3.62E+05,6.24E+03,,-2.77E+07,-1.60E+07,1.59E+06,3.20E+07
,,,,,,,,,,,
,,,,,,,,,,,
,,,,,,,,,,,
2028-Jan-28 ,-2.70E+07,-1.67E+07,1.60E+06,3.73E+05,-2.92E+05,1.50E+04,,-2.74E+07,-1.64E+07,1.58E+06,3.20E+07
,,,,,,,,,,,
,,,,,,,,,,,
,,,,,,,,,,,
2028-Jan-29 ,-2.66E+07,-1.70E+07,1.60E+06,4.25E+05,-2.10E+05,2.31E+04,,-2.70E+07,-1.68E+07,1.58E+06,3.19E+07
,,,,,,,,,,,
,,,,,,,,,,,
,,,,,,,,,,,
2028-Jan-30 ,-2.62E+07,-1.73E+07,1.60E+06,4.58E+05,-1.18E+05,3.02E+04,,-2.67E+07,-1.72E+07,1.57E+06,3.18E+07
,,,,,,,,,,,
,,,,,,,,,,,
,,,,,,,,,,,
2028-Jan-31 ,-2.58E+07,-1.76E+07,1.60E+06,4.70E+05,-2.12E+04,3.59E+04,,-2.63E+07,-1.76E+07,1.57E+06,3.17E+07
,,,,,,,,,,,
,,,,,,,,,,,
,,,,,,,,,,,
2028-Feb-01 ,-2.55E+07,-1.79E+07,1.60E+06,4.61E+05,7.63E+04,3.99E+04,,-2.59E+07,-1.80E+07,1.56E+06,3.16E+07
,,,,,,,,,,,
,,,,,,,,,,,
,,,,,,,,,,,
2028-Feb-02 ,-2.51E+07,-1.82E+07,1.60E+06,4.31E+05,1.70E+05,4.21E+04,,-2.55E+07,-1.84E+07,1.56E+06,3.15E+07
,,,,,,,,,,,
,,,,,,,,,,,
,,,,,,,,,,,
2028-Feb-03 ,-2.47E+07,-1.85E+07,1.60E+06,3.80E+05,2.56E+05,4.23E+04,,-2.50E+07,-1.87E+07,1.56E+06,3.13E+07
,,,,,,,,,,,
,,,,,,,,,,,
,,,,,,,,,,,
2028-Feb-04 ,-2.43E+07,-1.87E+07,1.60E+06,3.10E+05,3.28E+05,4.04E+04,,-2.46E+07,-1.91E+07,1.56E+06,3.11E+07
,,,,,,,,,,,
,,,,,,,,,,,
,,,,,,,,,,,
2028-Feb-05 ,-2.39E+07,-1.90E+07,1.60E+06,2.24E+05,3.84E+05,3.64E+04,,-2.41E+07,-1.94E+07,1.56E+06,3.09E+07
,,,,,,,,,,,
,,,,,,,,,,,
,,,,,,,,,,,
2028-Feb-06 ,-2.35E+07,-1.92E+07,1.60E+06,1.26E+05,4.19E+05,3.04E+04,,-2.36E+07,-1.96E+07,1.57E+06,3.07E+07
,,,,,,,,,,,
,,,,,,,,,,,
,,,,,,,,,,,
2028-Feb-07 ,-2.30E+07,-1.95E+07,1.59E+06,2.14E+04,4.31E+05,2.27E+04,,-2.31E+07,-1.99E+07,1.57E+06,3.05E+07
,,,,,,,,,,,
,,,,,,,,,,,
,,,,,,,,,,,
2028-Feb-08 ,-2.26E+07,-1.97E+07,1.59E+06,-8.51E+04,4.17E+05,1.37E+04,,-2.25E+07,-2.01E+07,1.58E+06,3.02E+07
,,,,,,,,,,,
,,,,,,,,,,,
,,,,,,,,,,,
2028-Feb-09 ,-2.22E+07,-1.99E+07,1.59E+06,-1.87E+05,3.77E+05,3.77E+03,,-2.20E+07,-2.03E+07,1.58E+06,3.00E+07
,,,,,,,,,,,
,,,,,,,,,,,
,,,,,,,,,,,
2028-Feb-10 ,-2.18E+07,-2.01E+07,1.58E+06,-2.76E+05,3.13E+05,-6.36E+03,,-2.15E+07,-2.04E+07,1.59E+06,2.97E+07
,,,,,,,,,,,
,,,,,,,,,,,
,,,,,,,,,,,
2028-Feb-11 ,-2.14E+07,-2.03E+07,1.58E+06,-3.48E+05,2.29E+05,-1.61E+04,,-2.10E+07,-2.05E+07,1.59E+06,2.94E+07
,,,,,,,,,,,
,,,,,,,,,,,
,,,,,,,,,,,
2028-Feb-12 ,-2.10E+07,-2.05E+07,1.57E+06,-3.97E+05,1.30E+05,-2.47E+04,,-2.06E+07,-2.06E+07,1.60E+06,2.92E+07
,,,,,,,,,,,
,,,,,,,,,,,
,,,,,,,,,,,
2028-Feb-13 ,-2.06E+07,-2.07E+07,1.57E+06,-4.20E+05,2.22E+04,-3.17E+04,,-2.01E+07,-2.07E+07,1.60E+06,2.89E+07
,,,,,,,,,,,
,,,,,,,,,,,
,,,,,,,,,,,
2028-Feb-14 ,-2.01E+07,-2.08E+07,1.56E+06,-4.17E+05,-8.65E+04,-3.67E+04,,-1.97E+07,-2.07E+07,1.60E+06,2.87E+07
,,,,,,,,,,,
,,,,,,,,,,,
,,,,,,,,,,,
2028-Feb-15 ,-1.97E+07,-2.10E+07,1.56E+06,-3.88E+05,-1.90E+05,-3.95E+04,,-1.93E+07,-2.08E+07,1.60E+06,2.84E+07
,,,,,,,,,,,
,,,,,,,,,,,
,,,,,,,,,,,
2028-Feb-16 ,-1.93E+07,-2.11E+07,1.55E+06,-3.37E+05,-2.82E+05,-3.99E+04,,-1.90E+07,-2.09E+07,1.59E+06,2.82E+07
,,,,,,,,,,,
,,,,,,,,,,,
,,,,,,,,,,,
2028-Feb-17 ,-1.89E+07,-2.13E+07,1.54E+06,-2.67E+05,-3.58E+05,-3.81E+04,,-1.86E+07,-2.09E+07,1.58E+06,2.81E+07
,,,,,,,,,,,
,,,,,,,,,,,
,,,,,,,,,,,
2028-Feb-18 ,-1.85E+07,-2.14E+07,1.54E+06,-1.82E+05,-4.15E+05,-3.43E+04,,-1.83E+07,-2.10E+07,1.57E+06,2.79E+07
,,,,,,,,,,,
,,,,,,,,,,,
,,,,,,,,,,,
2028-Feb-19 ,-1.80E+07,-2.16E+07,1.53E+06,-8.83E+04,-4.51E+05,-2.86E+04,,-1.80E+07,-2.11E+07,1.56E+06,2.77E+07
,,,,,,,,,,,
,,,,,,,,,,,
,,,,,,,,,,,
2028-Feb-20 ,-1.76E+07,-2.17E+07,1.52E+06,1.01E+04,-4.65E+05,-2.16E+04,,-1.76E+07,-2.12E+07,1.54E+06,2.76E+07
,,,,,,,,,,,
,,,,,,,,,,,
,,,,,,,,,,,
2028-Feb-21 ,-1.72E+07,-2.18E+07,1.51E+06,1.08E+05,-4.56E+05,-1.36E+04,,-1.73E+07,-2.13E+07,1.52E+06,2.75E+07
,,,,,,,,,,,
,,,,,,,,,,,
,,,,,,,,,,,
2028-Feb-22 ,-1.68E+07,-2.19E+07,1.50E+06,2.01E+05,-4.27E+05,-4.87E+03,,-1.70E+07,-2.14E+07,1.51E+06,2.74E+07
,,,,,,,,,,,
,,,,,,,,,,,
,,,,,,,,,,,
2028-Feb-23 ,-1.64E+07,-2.20E+07,1.49E+06,2.86E+05,-3.78E+05,4.04E+03,,-1.67E+07,-2.16E+07,1.49E+06,2.73E+07
,,,,,,,,,,,
,,,,,,,,,,,
,,,,,,,,,,,
2028-Feb-24 ,-1.59E+07,-2.20E+07,1.48E+06,3.58E+05,-3.12E+05,1.28E+04,,-1.63E+07,-2.17E+07,1.47E+06,2.72E+07
,,,,,,,,,,,
,,,,,,,,,,,
,,,,,,,,,,,
2028-Feb-25 ,-1.55E+07,-2.21E+07,1.47E+06,4.14E+05,-2.32E+05,2.09E+04,,-1.59E+07,-2.19E+07,1.45E+06,2.71E+07
,,,,,,,,,,,
,,,,,,,,,,,
,,,,,,,,,,,
2028-Feb-26 ,-1.51E+07,-2.22E+07,1.46E+06,4.52E+05,-1.42E+05,2.82E+04,,-1.56E+07,-2.20E+07,1.43E+06,2.70E+07
,,,,,,,,,,,
,,,,,,,,,,,
,,,,,,,,,,,
2028-Feb-27 ,-1.47E+07,-2.22E+07,1.45E+06,4.69E+05,-4.58E+04,3.41E+04,,-1.52E+07,-2.22E+07,1.42E+06,2.69E+07
,,,,,,,,,,,
,,,,,,,,,,,
,,,,,,,,,,,
2028-Feb-28 ,-1.43E+07,-2.23E+07,1.44E+06,4.66E+05,5.24E+04,3.85E+04,,-1.48E+07,-2.23E+07,1.40E+06,2.68E+07
,,,,,,,,,,,
,,,,,,,,,,,
,,,,,,,,,,,
2028-Feb-29 ,-1.39E+07,-2.23E+07,1.43E+06,4.42E+05,1.48E+05,4.11E+04,,-1.43E+07,-2.25E+07,1.39E+06,2.67E+07
,,,,,,,,,,,
,,,,,,,,,,,
,,,,,,,,,,,
2028-Mar-01 ,-1.35E+07,-2.24E+07,1.42E+06,3.97E+05,2.37E+05,4.18E+04,,-1.39E+07,-2.26E+07,1.38E+06,2.65E+07
,,,,,,,,,,,
,,,,,,,,,,,
,,,,,,,,,,,
2028-Mar-02 ,-1.31E+07,-2.24E+07,1.41E+06,3.33E+05,3.14E+05,4.05E+04,,-1.34E+07,-2.27E+07,1.36E+06,2.64E+07
,,,,,,,,,,,
,,,,,,,,,,,
,,,,,,,,,,,
2028-Mar-03 ,-1.27E+07,-2.24E+07,1.39E+06,2.54E+05,3.75E+05,3.71E+04,,-1.29E+07,-2.28E+07,1.36E+06,2.62E+07
,,,,,,,,,,,
,,,,,,,,,,,
,,,,,,,,,,,
2028-Mar-04 ,-1.23E+07,-2.24E+07,1.38E+06,1.61E+05,4.17E+05,3.19E+04,,-1.24E+07,-2.28E+07,1.35E+06,2.60E+07
,,,,,,,,,,,
,,,,,,,,,,,
,,,,,,,,,,,
2028-Mar-05 ,-1.19E+07,-2.24E+07,1.37E+06,5.93E+04,4.37E+05,2.49E+04,,-1.19E+07,-2.28E+07,1.34E+06,2.58E+07
,,,,,,,,,,,
,,,,,,,,,,,
,,,,,,,,,,,
2028-Mar-06 ,-1.15E+07,-2.24E+07,1.35E+06,-4.53E+04,4.32E+05,1.66E+04,,-1.14E+07,-2.28E+07,1.34E+06,2.56E+07
,,,,,,,,,,,
,,,,,,,,,,,
,,,,,,,,,,,
2028-Mar-07 ,-1.11E+07,-2.24E+07,1.34E+06,-1.47E+05,4.02E+05,7.32E+03,,-1.10E+07,-2.28E+07,1.33E+06,2.53E+07
,,,,,,,,,,,
,,,,,,,,,,,
,,,,,,,,,,,
2028-Mar-08 ,-1.07E+07,-2.24E+07,1.32E+06,-2.41E+05,3.48E+05,-2.41E+03,,-1.05E+07,-2.27E+07,1.33E+06,2.50E+07
,,,,,,,,,,,
,,,,,,,,,,,
,,,,,,,,,,,
2028-Mar-09 ,-1.03E+07,-2.23E+07,1.31E+06,-3.19E+05,2.72E+05,-1.20E+04,,-1.00E+07,-2.26E+07,1.32E+06,2.48E+07
,,,,,,,,,,,
,,,,,,,,,,,
,,,,,,,,,,,
2028-Mar-10 ,-9.95E+06,-2.23E+07,1.29E+06,-3.77E+05,1.79E+05,-2.08E+04,,-9.58E+06,-2.25E+07,1.31E+06,2.45E+07
,,,,,,,,,,,
,,,,,,,,,,,
,,,,,,,,,,,
2028-Mar-11 ,-9.58E+06,-2.23E+07,1.28E+06,-4.11E+05,7.33E+04,-2.82E+04,,-9.16E+06,-2.23E+07,1.31E+06,2.42E+07
,,,,,,,,,,,
,,,,,,,,,,,
,,,,,,,,,,,
2028-Mar-12 ,-9.20E+06,-2.22E+07,1.26E+06,-4.18E+05,-3.67E+04,-3.38E+04,,-8.78E+06,-2.22E+07,1.29E+06,2.39E+07
,,,,,,,,,,,
,,,,,,,,,,,
,,,,,,,,,,,
2028-Mar-13 ,-8.83E+06,-2.22E+07,1.24E+06,-3.98E+05,-1.44E+05,-3.72E+04,,-8.43E+06,-2.20E+07,1.28E+06,2.36E+07
,,,,,,,,,,,
,,,,,,,,,,,
,,,,,,,,,,,
2028-Mar-14 ,-8.46E+06,-2.21E+07,1.23E+06,-3.54E+05,-2.43E+05,-3.83E+04,,-8.11E+06,-2.19E+07,1.27E+06,2.33E+07
,,,,,,,,,,,
,,,,,,,,,,,
,,,,,,,,,,,
2028-Mar-15 ,-8.10E+06,-2.20E+07,1.21E+06,-2.89E+05,-3.27E+05,-3.71E+04,,-7.81E+06,-2.17E+07,1.25E+06,2.31E+07
,,,,,,,,,,,
,,,,,,,,,,,
,,,,,,,,,,,
2028-Mar-16 ,-7.74E+06,-2.20E+07,1.19E+06,-2.08E+05,-3.93E+05,-3.38E+04,,-7.53E+06,-2.16E+07,1.23E+06,2.29E+07
,,,,,,,,,,,
,,,,,,,,,,,
,,,,,,,,,,,
2028-Mar-17 ,-7.39E+06,-2.19E+07,1.18E+06,-1.16E+05,-4.37E+05,-2.87E+04,,-7.27E+06,-2.14E+07,1.21E+06,2.27E+07
,,,,,,,,,,,
,,,,,,,,,,,
,,,,,,,,,,,
2028-Mar-18 ,-7.04E+06,-2.18E+07,1.16E+06,-1.76E+04,-4.59E+05,-2.20E+04,,-7.02E+06,-2.13E+07,1.18E+06,2.25E+07
,,,,,,,,,,,
,,,,,,,,,,,
,,,,,,,,,,,
2028-Mar-19 ,-6.69E+06,-2.17E+07,1.14E+06,8.16E+04,-4.57E+05,-1.43E+04,,-6.77E+06,-2.12E+07,1.16E+06,2.23E+07
,,,,,,,,,,,
,,,,,,,,,,,
,,,,,,,,,,,
2028-Mar-20 ,-6.35E+06,-2.16E+07,1.12E+06,1.77E+05,-4.34E+05,-5.88E+03,,-6.53E+06,-2.12E+07,1.13E+06,2.22E+07
,,,,,,,,,,,
,,,,,,,,,,,
,,,,,,,,,,,
2028-Mar-21 ,-6.01E+06,-2.15E+07,1.10E+06,2.64E+05,-3.91E+05,2.81E+03,,-6.28E+06,-2.11E+07,1.10E+06,2.20E+07
,,,,,,,,,,,
,,,,,,,,,,,
,,,,,,,,,,,
2028-Mar-22 ,-5.68E+06,-2.14E+07,1.09E+06,3.40E+05,-3.30E+05,1.14E+04,,-6.02E+06,-2.11E+07,1.07E+06,2.19E+07
,,,,,,,,,,,
,,,,,,,,,,,
,,,,,,,,,,,
2028-Mar-23 ,-5.35E+06,-2.13E+07,1.07E+06,4.00E+05,-2.54E+05,1.94E+04,,-5.75E+06,-2.10E+07,1.05E+06,2.18E+07
,,,,,,,,,,,
,,,,,,,,,,,
,,,,,,,,,,,
2028-Mar-24 ,-5.03E+06,-2.11E+07,1.05E+06,4.43E+05,-1.66E+05,2.66E+04,,-5.47E+06,-2.10E+07,1.02E+06,2.17E+07
,,,,,,,,,,,
,,,,,,,,,,,
,,,,,,,,,,,
2028-Mar-25 ,-4.71E+06,-2.10E+07,1.03E+06,4.66E+05,-7.10E+04,3.26E+04,,-5.18E+06,-2.09E+07,9.94E+05,2.16E+07
,,,,,,,,,,,
,,,,,,,,,,,
,,,,,,,,,,,
2028-Mar-26 ,-4.40E+06,-2.09E+07,1.01E+06,4.68E+05,2.75E+04,3.70E+04,,-4.87E+06,-2.09E+07,9.70E+05,2.15E+07
,,,,,,,,,,,
,,,,,,,,,,,
,,,,,,,,,,,
2028-Mar-27 ,-4.10E+06,-2.08E+07,9.87E+05,4.49E+05,1.25E+05,3.98E+04,,-4.55E+06,-2.09E+07,9.47E+05,2.14E+07
,,,,,,,,,,,
,,,,,,,,,,,
,,,,,,,,,,,
2028-Mar-28 ,-3.80E+06,-2.06E+07,9.66E+05,4.09E+05,2.16E+05,4.07E+04,,-4.20E+06,-2.08E+07,9.25E+05,2.13E+07
,,,,,,,,,,,
,,,,,,,,,,,
,,,,,,,,,,,
2028-Mar-29 ,-3.50E+06,-2.05E+07,9.45E+05,3.50E+05,2.97E+05,3.96E+04,,-3.85E+06,-2.08E+07,9.06E+05,2.11E+07
,,,,,,,,,,,
,,,,,,,,,,,
,,,,,,,,,,,
2028-Mar-30 ,-3.21E+06,-2.03E+07,9.24E+05,2.74E+05,3.63E+05,3.66E+04,,-3.48E+06,-2.07E+07,8.88E+05,2.10E+07
,,,,,,,,,,,
,,,,,,,,,,,
,,,,,,,,,,,
2028-Mar-31 ,-2.92E+06,-2.02E+07,9.03E+05,1.85E+05,4.12E+05,3.18E+04,,-3.11E+06,-2.06E+07,8.71E+05,2.08E+07
,,,,,,,,,,,
,,,,,,,,,,,
,,,,,,,,,,,
2028-Apr-01 ,-2.65E+06,-2.00E+07,8.81E+05,8.58E+04,4.38E+05,2.53E+04,,-2.73E+06,-2.04E+07,8.56E+05,2.06E+07
,,,,,,,,,,,
,,,,,,,,,,,
,,,,,,,,,,,
2028-Apr-02 ,-2.37E+06,-1.98E+07,8.59E+05,-1.74E+04,4.42E+05,1.74E+04,,-2.35E+06,-2.03E+07,8.42E+05,2.04E+07
,,,,,,,,,,,
,,,,,,,,,,,
,,,,,,,,,,,
2028-Apr-03 ,-2.10E+06,-1.97E+07,8.37E+05,-1.20E+05,4.20E+05,8.58E+03,,-1.98E+06,-2.01E+07,8.29E+05,2.02E+07
,,,,,,,,,,,
,,,,,,,,,,,
,,,,,,,,,,,
2028-Apr-04 ,-1.84E+06,-1.95E+07,8.15E+05,-2.15E+05,3.75E+05,-7.41E+02,,-1.63E+06,-1.99E+07,8.16E+05,2.00E+07
,,,,,,,,,,,
,,,,,,,,,,,
,,,,,,,,,,,
2028-Apr-05 ,-1.58E+06,-1.93E+07,7.93E+05,-2.97E+05,3.07E+05,-1.00E+04,,-1.29E+06,-1.97E+07,8.03E+05,1.97E+07
,,,,,,,,,,,
,,,,,,,,,,,
,,,,,,,,,,,
2028-Apr-06 ,-1.33E+06,-1.92E+07,7.70E+05,-3.62E+05,2.21E+05,-1.87E+04,,-9.68E+05,-1.94E+07,7.89E+05,1.94E+07
,,,,,,,,,,,
,,,,,,,,,,,
,,,,,,,,,,,
2028-Apr-07 ,-1.08E+06,-1.90E+07,7.47E+05,-4.04E+05,1.21E+05,-2.61E+04,,-6.79E+05,-1.91E+07,7.73E+05,1.91E+07
,,,,,,,,,,,
,,,,,,,,,,,
,,,,,,,,,,,
2028-Apr-08 ,-8.42E+05,-1.88E+07,7.24E+05,-4.21E+05,1.24E+04,-3.20E+04,,-4.21E+05,-1.88E+07,7.56E+05,1.88E+07
,,,,,,,,,,,
,,,,,,,,,,,
,,,,,,,,,,,
2028-Apr-09 ,-6.06E+05,-1.86E+07,7.01E+05,-4.11E+05,-9.66E+04,-3.58E+04,,-1.95E+05,-1.85E+07,7.37E+05,1.85E+07
,,,,,,,,,,,
,,,,,,,,,,,
,,,,,,,,,,,
2028-Apr-10 ,-3.75E+05,-1.84E+07,6.78E+05,-3.76E+05,-2.00E+05,-3.73E+04,,6.89E+02,-1.82E+07,7.15E+05,1.83E+07
,,,,,,,,,,,
,,,,,,,,,,,
,,,,,,,,,,,
2028-Apr-11 ,-1.50E+05,-1.83E+07,6.54E+05,-3.18E+05,-2.91E+05,-3.65E+04,,1.68E+05,-1.80E+07,6.91E+05,1.80E+07
,,,,,,,,,,,
,,,,,,,,,,,
,,,,,,,,,,,
2028-Apr-12 ,7.02E+04,-1.81E+07,6.31E+05,-2.41E+05,-3.64E+05,-3.36E+04,,3.11E+05,-1.77E+07,6.64E+05,1.77E+07
,,,,,,,,,,,
,,,,,,,,,,,
,,,,,,,,,,,
2028-Apr-13 ,2.85E+05,-1.79E+07,6.07E+05,-1.51E+05,-4.18E+05,-2.87E+04,,4.35E+05,-1.75E+07,6.36E+05,1.75E+07
,,,,,,,,,,,
,,,,,,,,,,,
,,,,,,,,,,,
2028-Apr-14 ,4.93E+05,-1.77E+07,5.83E+05,-5.26E+04,-4.48E+05,-2.23E+04,,5.46E+05,-1.72E+07,6.05E+05,1.72E+07
,,,,,,,,,,,
,,,,,,,,,,,
,,,,,,,,,,,
2028-Apr-15 ,6.96E+05,-1.75E+07,5.59E+05,4.82E+04,-4.55E+05,-1.47E+04,,6.48E+05,-1.70E+07,5.74E+05,1.70E+07
,,,,,,,,,,,
,,,,,,,,,,,
,,,,,,,,,,,
2028-Apr-16 ,8.94E+05,-1.73E+07,5.35E+05,1.46E+05,-4.40E+05,-6.42E+03,,7.47E+05,-1.68E+07,5.41E+05,1.69E+07
,,,,,,,,,,,
,,,,,,,,,,,
,,,,,,,,,,,
2028-Apr-17 ,1.09E+06,-1.71E+07,5.10E+05,2.38E+05,-4.03E+05,2.22E+03,,8.48E+05,-1.67E+07,5.08E+05,1.67E+07
,,,,,,,,,,,
,,,,,,,,,,,
,,,,,,,,,,,
2028-Apr-18 ,1.27E+06,-1.69E+07,4.86E+05,3.18E+05,-3.48E+05,1.07E+04,,9.54E+05,-1.65E+07,4.75E+05,1.66E+07
,,,,,,,,,,,
,,,,,,,,,,,
,,,,,,,,,,,
2028-Apr-19 ,1.45E+06,-1.67E+07,4.61E+05,3.83E+05,-2.76E+05,1.88E+04,,1.07E+06,-1.64E+07,4.43E+05,1.64E+07
,,,,,,,,,,,
,,,,,,,,,,,
,,,,,,,,,,,
2028-Apr-20 ,1.63E+06,-1.65E+07,4.37E+05,4.32E+05,-1.92E+05,2.60E+04,,1.19E+06,-1.63E+07,4.11E+05,1.63E+07
,,,,,,,,,,,
,,,,,,,,,,,
,,,,,,,,,,,
2028-Apr-21 ,1.79E+06,-1.63E+07,4.12E+05,4.60E+05,-9.89E+04,3.20E+04,,1.33E+06,-1.62E+07,3.80E+05,1.62E+07
,,,,,,,,,,,
,,,,,,,,,,,
,,,,,,,,,,,
2028-Apr-22 ,1.96E+06,-1.60E+07,3.87E+05,4.68E+05,-1.05E+03,3.65E+04,,1.49E+06,-1.60E+07,3.50E+05,1.61E+07
,,,,,,,,,,,
,,,,,,,,,,,
,,,,,,,,,,,
2028-Apr-23 ,2.11E+06,-1.58E+07,3.62E+05,4.55E+05,9.70E+04,3.94E+04,,1.66E+06,-1.59E+07,3.22E+05,1.60E+07
,,,,,,,,,,,
,,,,,,,,,,,
,,,,,,,,,,,
2028-Apr-24 ,2.26E+06,-1.56E+07,3.37E+05,4.20E+05,1.91E+05,4.03E+04,,1.84E+06,-1.58E+07,2.96E+05,1.59E+07
,,,,,,,,,,,
,,,,,,,,,,,
,,,,,,,,,,,
2028-Apr-25 ,2.41E+06,-1.54E+07,3.11E+05,3.66E+05,2.75E+05,3.94E+04,,2.04E+06,-1.57E+07,2.72E+05,1.58E+07
,,,,,,,,,,,
,,,,,,,,,,,
,,,,,,,,,,,
2028-Apr-26 ,2.55E+06,-1.52E+07,2.86E+05,2.93E+05,3.46E+05,3.65E+04,,2.26E+06,-1.56E+07,2.50E+05,1.57E+07
,,,,,,,,,,,
,,,,,,,,,,,
,,,,,,,,,,,
2028-Apr-27 ,2.68E+06,-1.50E+07,2.61E+05,2.06E+05,4.00E+05,3.17E+04,,2.48E+06,-1.54E+07,2.29E+05,1.56E+07
,,,,,,,,,,,
,,,,,,,,,,,
,,,,,,,,,,,
2028-Apr-28 ,2.81E+06,-1.48E+07,2.35E+05,1.09E+05,4.33E+05,2.53E+04,,2.70E+06,-1.52E+07,2.10E+05,1.55E+07
,,,,,,,,,,,
,,,,,,,,,,,
,,,,,,,,,,,
2028-Apr-29 ,2.94E+06,-1.46E+07,2.09E+05,5.88E+03,4.43E+05,1.75E+04,,2.93E+06,-1.50E+07,1.92E+05,1.53E+07
,,,,,,,,,,,
,,,,,,,,,,,
,,,,,,,,,,,
2028-Apr-30 ,3.05E+06,-1.44E+07,1.84E+05,-9.73E+04,4.29E+05,8.74E+03,,3.15E+06,-1.48E+07,1.75E+05,1.51E+07
,,,,,,,,,,,
,,,,,,,,,,,
,,,,,,,,,,,
2028-May-01 ,3.17E+06,-1.42E+07,1.58E+05,-1.95E+05,3.91E+05,-4.89E+02,,3.36E+06,-1.45E+07,1.59E+05,1.49E+07
,,,,,,,,,,,
,,,,,,,,,,,
,,,,,,,,,,,
2028-May-02 ,3.27E+06,-1.39E+07,1.32E+05,-2.81E+05,3.30E+05,-9.69E+03,,3.56E+06,-1.43E+07,1.42E+05,1.47E+07
,,,,,,,,,,,
,,,,,,,,,,,
,,,,,,,,,,,
2028-May-03 ,3.38E+06,-1.37E+07,1.07E+05,-3.51E+05,2.50E+05,-1.83E+04,,3.73E+06,-1.40E+07,1.25E+05,1.45E+07
,,,,,,,,,,,
,,,,,,,,,,,
,,,,,,,,,,,
2028-May-04 ,3.48E+06,-1.35E+07,8.07E+04,-3.99E+05,1.55E+05,-2.58E+04,,3.87E+06,-1.37E+07,1.07E+05,1.42E+07
,,,,,,,,,,,
,,,,,,,,,,,
,,,,,,,,,,,
2028-May-05 ,3.57E+06,-1.33E+07,5.49E+04,-4.24E+05,5.05E+04,-3.18E+04,,3.99E+06,-1.34E+07,8.67E+04,1.39E+07
,,,,,,,,,,,
,,,,,,,,,,,
,,,,,,,,,,,
2028-May-06 ,3.66E+06,-1.31E+07,2.91E+04,-4.23E+05,-5.73E+04,-3.58E+04,,4.08E+06,-1.30E+07,6.50E+04,1.37E+07
,,,,,,,,,,,
,,,,,,,,,,,
,,,,,,,,,,,
2028-May-07 ,3.74E+06,-1.29E+07,3.35E+03,-3.96E+05,-1.62E+05,-3.77E+04,,4.14E+06,-1.27E+07,4.10E+04,1.34E+07
,,,,,,,,,,,
,,,,,,,,,,,
,,,,,,,,,,,
2028-May-08 ,3.82E+06,-1.27E+07,-2.24E+04,-3.46E+05,-2.57E+05,-3.72E+04,,4.17E+06,-1.24E+07,1.48E+04,1.31E+07
,,,,,,,,,,,
,,,,,,,,,,,
,,,,,,,,,,,
2028-May-09 ,3.89E+06,-1.25E+07,-4.81E+04,-2.75E+05,-3.37E+05,-3.46E+04,,4.17E+06,-1.22E+07,-1.36E+04,1.28E+07
,,,,,,,,,,,
,,,,,,,,,,,
,,,,,,,,,,,
2028-May-10 ,3.96E+06,-1.23E+07,-7.38E+04,-1.89E+05,-3.98E+05,-2.99E+04,,4.15E+06,-1.19E+07,-4.39E+04,1.26E+07
,,,,,,,,,,,
,,,,,,,,,,,
,,,,,,,,,,,
2028-May-11 ,4.03E+06,-1.21E+07,-9.95E+04,-9.20E+04,-4.37E+05,-2.36E+04,,4.12E+06,-1.16E+07,-7.59E+04,1.24E+07
,,,,,,,,,,,
,,,,,,,,,,,
,,,,,,,,,,,
2028-May-12 ,4.09E+06,-1.19E+07,-1.25E+05,9.52E+03,-4.53E+05,-1.60E+04,,4.08E+06,-1.14E+07,-1.09E+05,1.21E+07
,,,,,,,,,,,
,,,,,,,,,,,
,,,,,,,,,,,
2028-May-13 ,4.15E+06,-1.17E+07,-1.51E+05,1.10E+05,-4.45E+05,-7.58E+03,,4.04E+06,-1.12E+07,-1.43E+05,1.19E+07
,,,,,,,,,,,
,,,,,,,,,,,
,,,,,,,,,,,
2028-May-14 ,4.20E+06,-1.15E+07,-1.76E+05,2.06E+05,-4.16E+05,1.22E+03,,3.99E+06,-1.11E+07,-1.77E+05,1.18E+07
,,,,,,,,,,,
,,,,,,,,,,,
,,,,,,,,,,,
2028-May-15 ,4.25E+06,-1.13E+07,-2.02E+05,2.91E+05,-3.66E+05,9.97E+03,,3.96E+06,-1.09E+07,-2.12E+05,1.16E+07
,,,,,,,,,,,
,,,,,,,,,,,
,,,,,,,,,,,
2028-May-16 ,4.29E+06,-1.11E+07,-2.27E+05,3.62E+05,-3.00E+05,1.82E+04,,3.93E+06,-1.08E+07,-2.45E+05,1.15E+07
,,,,,,,,,,,
,,,,,,,,,,,
,,,,,,,,,,,
2028-May-17 ,4.33E+06,-1.09E+07,-2.53E+05,4.17E+05,-2.20E+05,2.57E+04,,3.91E+06,-1.07E+07,-2.78E+05,1.14E+07
,,,,,,,,,,,
,,,,,,,,,,,
,,,,,,,,,,,
2028-May-18 ,4.36E+06,-1.07E+07,-2.78E+05,4.53E+05,-1.29E+05,3.19E+04,,3.91E+06,-1.06E+07,-3.10E+05,1.13E+07
,,,,,,,,,,,
,,,,,,,,,,,
,,,,,,,,,,,
2028-May-19 ,4.39E+06,-1.05E+07,-3.03E+05,4.68E+05,-3.28E+04,3.67E+04,,3.92E+06,-1.05E+07,-3.40E+05,1.12E+07
,,,,,,,,,,,
,,,,,,,,,,,
,,,,,,,,,,,
2028-May-20 ,4.42E+06,-1.03E+07,-3.28E+05,4.61E+05,6.52E+04,3.98E+04,,3.96E+06,-1.04E+07,-3.68E+05,1.11E+07
,,,,,,,,,,,
,,,,,,,,,,,
,,,,,,,,,,,
2028-May-21 ,4.44E+06,-1.01E+07,-3.54E+05,4.33E+05,1.60E+05,4.11E+04,,4.01E+06,-1.03E+07,-3.95E+05,1.10E+07
,,,,,,,,,,,
,,,,,,,,,,,
,,,,,,,,,,,
2028-May-22 ,4.46E+06,-9.93E+06,-3.79E+05,3.84E+05,2.48E+05,4.03E+04,,4.07E+06,-1.02E+07,-4.19E+05,1.10E+07
,,,,,,,,,,,
,,,,,,,,,,,
,,,,,,,,,,,
2028-May-23 ,4.47E+06,-9.75E+06,-4.04E+05,3.17E+05,3.24E+05,3.75E+04,,4.16E+06,-1.01E+07,-4.41E+05,1.09E+07
,,,,,,,,,,,
,,,,,,,,,,,
,,,,,,,,,,,
2028-May-24 ,4.48E+06,-9.57E+06,-4.29E+05,2.33E+05,3.83E+05,3.29E+04,,4.25E+06,-9.95E+06,-4.62E+05,1.08E+07
,,,,,,,,,,,
,,,,,,,,,,,
,,,,,,,,,,,
2028-May-25 ,4.49E+06,-9.39E+06,-4.54E+05,1.37E+05,4.23E+05,2.64E+04,,4.35E+06,-9.81E+06,-4.80E+05,1.07E+07
,,,,,,,,,,,
,,,,,,,,,,,
,,,,,,,,,,,
2028-May-26 ,4.49E+06,-9.21E+06,-4.78E+05,3.38E+04,4.39E+05,1.86E+04,,4.46E+06,-9.65E+06,-4.97E+05,1.06E+07
,,,,,,,,,,,
,,,,,,,,,,,
,,,,,,,,,,,
2028-May-27 ,4.49E+06,-9.04E+06,-5.03E+05,-7.10E+04,4.32E+05,9.70E+03,,4.56E+06,-9.47E+06,-5.13E+05,1.05E+07
,,,,,,,,,,,
,,,,,,,,,,,
,,,,,,,,,,,
2028-May-28 ,4.49E+06,-8.87E+06,-5.28E+05,-1.72E+05,4.00E+05,2.52E+02,,4.66E+06,-9.27E+06,-5.28E+05,1.04E+07
,,,,,,,,,,,
,,,,,,,,,,,
,,,,,,,,,,,
2028-May-29 ,4.48E+06,-8.70E+06,-5.52E+05,-2.62E+05,3.45E+05,-9.21E+03,,4.74E+06,-9.04E+06,-5.43E+05,1.02E+07
,,,,,,,,,,,
,,,,,,,,,,,
,,,,,,,,,,,
2028-May-30 ,4.47E+06,-8.53E+06,-5.76E+05,-3.37E+05,2.70E+05,-1.81E+04,,4.81E+06,-8.80E+06,-5.58E+05,1.00E+07
,,,,,,,,,,,
,,,,,,,,,,,
,,,,,,,,,,,
2028-May-31 ,4.46E+06,-8.37E+06,-6.00E+05,-3.92E+05,1.79E+05,-2.60E+04,,4.85E+06,-8.55E+06,-5.74E+05,9.85E+06
,,,,,,,,,,,
,,,,,,,,,,,
,,,,,,,,,,,
2028-Jun-01 ,4.44E+06,-8.21E+06,-6.24E+05,-4.24E+05,7.73E+04,-3.23E+04,,4.87E+06,-8.29E+06,-5.92E+05,9.63E+06
,,,,,,,,,,,
,,,,,,,,,,,
,,,,,,,,,,,
2028-Jun-02 ,4.43E+06,-8.05E+06,-6.48E+05,-4.30E+05,-2.90E+04,-3.66E+04,,4.86E+06,-8.02E+06,-6.11E+05,9.40E+06
,,,,,,,,,,,
,,,,,,,,,,,
,,,,,,,,,,,
2028-Jun-03 ,4.41E+06,-7.90E+06,-6.71E+05,-4.11E+05,-1.34E+05,-3.88E+04,,4.82E+06,-7.76E+06,-6.33E+05,9.16E+06
,,,,,,,,,,,
,,,,,,,,,,,
,,,,,,,,,,,
2028-Jun-04 ,4.38E+06,-7.75E+06,-6.95E+05,-3.68E+05,-2.31E+05,-3.88E+04,,4.75E+06,-7.51E+06,-6.56E+05,8.92E+06
,,,,,,,,,,,
,,,,,,,,,,,
,,,,,,,,,,,
2028-Jun-05 ,4.36E+06,-7.60E+06,-7.18E+05,-3.04E+05,-3.15E+05,-3.65E+04,,4.66E+06,-7.28E+06,-6.81E+05,8.67E+06
,,,,,,,,,,,
,,,,,,,,,,,
,,,,,,,,,,,
2028-Jun-06 ,4.33E+06,-7.45E+06,-7.41E+05,-2.22E+05,-3.81E+05,-3.21E+04,,4.56E+06,-7.07E+06,-7.09E+05,8.44E+06
,,,,,,,,,,,
,,,,,,,,,,,
,,,,,,,,,,,
2028-Jun-07 ,4.30E+06,-7.31E+06,-7.64E+05,-1.29E+05,-4.27E+05,-2.59E+04,,4.43E+06,-6.88E+06,-7.38E+05,8.22E+06
,,,,,,,,,,,
,,,,,,,,,,,
,,,,,,,,,,,
2028-Jun-08 ,4.27E+06,-7.16E+06,-7.86E+05,-2.83E+04,-4.50E+05,-1.84E+04,,4.30E+06,-6.71E+06,-7.68E+05,8.01E+06
,,,,,,,,,,,
,,,,,,,,,,,
,,,,,,,,,,,
2028-Jun-09 ,4.24E+06,-7.02E+06,-8.08E+05,7.36E+04,-4.50E+05,-9.87E+03,,4.17E+06,-6.57E+06,-7.99E+05,7.82E+06
,,,,,,,,,,,
,,,,,,,,,,,
,,,,,,,,,,,
2028-Jun-10 ,4.20E+06,-6.89E+06,-8.31E+05,1.72E+05,-4.28E+05,-8.54E+02,,4.03E+06,-6.46E+06,-8.30E+05,7.66E+06
,,,,,,,,,,,
,,,,,,,,,,,
,,,,,,,,,,,
2028-Jun-11 ,4.17E+06,-6.75E+06,-8.52E+05,2.62E+05,-3.85E+05,8.21E+03,,3.91E+06,-6.37E+06,-8.61E+05,7.52E+06
,,,,,,,,,,,
,,,,,,,,,,,
,,,,,,,,,,,
2028-Jun-12 ,4.13E+06,-6.62E+06,-8.74E+05,3.39E+05,-3.24E+05,1.69E+04,,3.79E+06,-6.30E+06,-8.91E+05,7.41E+06
,,,,,,,,,,,
,,,,,,,,,,,
,,,,,,,,,,,
2028-Jun-13 ,4.09E+06,-6.50E+06,-8.96E+05,4.00E+05,-2.47E+05,2.48E+04,,3.69E+06,-6.25E+06,-9.20E+05,7.31E+06
,,,,,,,,,,,
,,,,,,,,,,,
,,,,,,,,,,,
2028-Jun-14 ,4.04E+06,-6.37E+06,-9.17E+05,4.43E+05,-1.60E+05,3.15E+04,,3.60E+06,-6.21E+06,-9.48E+05,7.24E+06
,,,,,,,,,,,
,,,,,,,,,,,
,,,,,,,,,,,
2028-Jun-15 ,4.00E+06,-6.25E+06,-9.38E+05,4.66E+05,-6.55E+04,3.68E+04,,3.53E+06,-6.18E+06,-9.75E+05,7.19E+06
,,,,,,,,,,,
,,,,,,,,,,,
,,,,,,,,,,,
2028-Jun-16 ,3.95E+06,-6.13E+06,-9.59E+05,4.67E+05,3.20E+04,4.04E+04,,3.48E+06,-6.16E+06,-9.99E+05,7.15E+06
,,,,,,,,,,,
,,,,,,,,,,,
,,,,,,,,,,,
2028-Jun-17 ,3.90E+06,-6.01E+06,-9.79E+05,4.46E+05,1.28E+05,4.21E+04,,3.45E+06,-6.14E+06,-1.02E+06,7.12E+06
,,,,,,,,,,,
,,,,,,,,,,,
,,,,,,,,,,,
2028-Jun-18 ,3.85E+06,-5.90E+06,-1.00E+06,4.05E+05,2.18E+05,4.19E+04,,3.45E+06,-6.12E+06,-1.04E+06,7.10E+06
,,,,,,,,,,,
,,,,,,,,,,,
,,,,,,,,,,,
2028-Jun-19 ,3.80E+06,-5.79E+06,-1.02E+06,3.44E+05,2.98E+05,3.96E+04,,3.46E+06,-6.09E+06,-1.06E+06,7.08E+06
,,,,,,,,,,,
,,,,,,,,,,,
,,,,,,,,,,,
2028-Jun-20 ,3.75E+06,-5.68E+06,-1.04E+06,2.65E+05,3.63E+05,3.53E+04,,3.48E+06,-6.04E+06,-1.07E+06,7.06E+06
,,,,,,,,,,,
,,,,,,,,,,,
,,,,,,,,,,,
2028-Jun-21 ,3.69E+06,-5.58E+06,-1.06E+06,1.72E+05,4.09E+05,2.91E+04,,3.52E+06,-5.99E+06,-1.09E+06,7.03E+06
,,,,,,,,,,,
,,,,,,,,,,,
,,,,,,,,,,,
2028-Jun-22 ,3.64E+06,-5.48E+06,-1.08E+06,7.05E+04,4.33E+05,2.14E+04,,3.57E+06,-5.91E+06,-1.10E+06,6.99E+06
,,,,,,,,,,,
,,,,,,,,,,,
,,,,,,,,,,,
2028-Jun-23 ,3.58E+06,-5.38E+06,-1.10E+06,-3.54E+04,4.33E+05,1.24E+04,,3.62E+06,-5.81E+06,-1.11E+06,6.93E+06
,,,,,,,,,,,
,,,,,,,,,,,
,,,,,,,,,,,
2028-Jun-24 ,3.52E+06,-5.28E+06,-1.12E+06,-1.39E+05,4.08E+05,2.74E+03,,3.66E+06,-5.69E+06,-1.12E+06,6.86E+06
,,,,,,,,,,,
,,,,,,,,,,,
,,,,,,,,,,,
2028-Jun-25 ,3.47E+06,-5.19E+06,-1.13E+06,-2.35E+05,3.59E+05,-7.09E+03,,3.70E+06,-5.55E+06,-1.13E+06,6.77E+06
,,,,,,,,,,,
,,,,,,,,,,,
,,,,,,,,,,,
2028-Jun-26 ,3.41E+06,-5.10E+06,-1.15E+06,-3.16E+05,2.89E+05,-1.65E+04,,3.72E+06,-5.39E+06,-1.14E+06,6.65E+06
,,,,,,,,,,,
,,,,,,,,,,,
,,,,,,,,,,,
2028-Jun-27 ,3.35E+06,-5.02E+06,-1.17E+06,-3.78E+05,2.01E+05,-2.49E+04,,3.73E+06,-5.22E+06,-1.15E+06,6.52E+06
,,,,,,,,,,,
,,,,,,,,,,,
,,,,,,,,,,,
2028-Jun-28 ,3.29E+06,-4.94E+06,-1.19E+06,-4.17E+05,1.01E+05,-3.18E+04,,3.71E+06,-5.04E+06,-1.16E+06,6.36E+06
,,,,,,,,,,,
,,,,,,,,,,,
,,,,,,,,,,,
2028-Jun-29 ,3.23E+06,-4.86E+06,-1.21E+06,-4.30E+05,-5.06E+03,-3.67E+04,,3.66E+06,-4.85E+06,-1.17E+06,6.19E+06
,,,,,,,,,,,
,,,,,,,,,,,
,,,,,,,,,,,
2028-Jun-30 ,3.17E+06,-4.78E+06,-1.22E+06,-4.19E+05,-1.11E+05,-3.95E+04,,3.59E+06,-4.67E+06,-1.18E+06,6.01E+06
,,,,,,,,,,,
,,,,,,,,,,,
,,,,,,,,,,,
2028-Jul-01 ,3.11E+06,-4.71E+06,-1.24E+06,-3.82E+05,-2.10E+05,-4.00E+04,,3.50E+06,-4.50E+06,-1.20E+06,5.82E+06
,,,,,,,,,,,
,,,,,,,,,,,
,,,,,,,,,,,
2028-Jul-02 ,3.06E+06,-4.64E+06,-1.25E+06,-3.24E+05,-2.97E+05,-3.82E+04,,3.38E+06,-4.34E+06,-1.22E+06,5.63E+06
,,,,,,,,,,,
,,,,,,,,,,,
,,,,,,,,,,,
2028-Jul-03 ,3.00E+06,-4.57E+06,-1.27E+06,-2.48E+05,-3.68E+05,-3.42E+04,,3.24E+06,-4.20E+06,-1.24E+06,5.45E+06
,,,,,,,,,,,
,,,,,,,,,,,
,,,,,,,,,,,
2028-Jul-04 ,2.94E+06,-4.50E+06,-1.29E+06,-1.58E+05,-4.19E+05,-2.84E+04,,3.10E+06,-4.08E+06,-1.26E+06,5.28E+06
,,,,,,,,,,,
,,,,,,,,,,,
,,,,,,,,,,,
2028-Jul-05 ,2.88E+06,-4.44E+06,-1.30E+06,-6.00E+04,-4.49E+05,-2.11E+04,,2.94E+06,-3.99E+06,-1.28E+06,5.12E+06
,,,,,,,,,,,
,,,,,,,,,,,
,,,,,,,,,,,
2028-Jul-06 ,2.82E+06,-4.38E+06,-1.32E+06,4.15E+04,-4.55E+05,-1.27E+04,,2.78E+06,-3.92E+06,-1.30E+06,4.98E+06
,,,,,,,,,,,
,,,,,,,,,,,
,,,,,,,,,,,
2028-Jul-07 ,2.76E+06,-4.32E+06,-1.33E+06,1.41E+05,-4.39E+05,-3.67E+03,,2.62E+06,-3.88E+06,-1.33E+06,4.87E+06
,,,,,,,,,,,
,,,,,,,,,,,
,,,,,,,,,,,
2028-Jul-08 ,2.70E+06,-4.26E+06,-1.34E+06,2.34E+05,-4.02E+05,5.56E+03,,2.47E+06,-3.86E+06,-1.35E+06,4.78E+06
,,,,,,,,,,,
,,,,,,,,,,,
,,,,,,,,,,,
2028-Jul-09 ,2.65E+06,-4.21E+06,-1.36E+06,3.15E+05,-3.46E+05,1.45E+04,,2.33E+06,-3.86E+06,-1.37E+06,4.71E+06
,,,,,,,,,,,
,,,,,,,,,,,
,,,,,,,,,,,
2028-Jul-10 ,2.59E+06,-4.15E+06,-1.37E+06,3.82E+05,-2.74E+05,2.28E+04,,2.21E+06,-3.88E+06,-1.39E+06,4.68E+06
,,,,,,,,,,,
,,,,,,,,,,,
,,,,,,,,,,,
2028-Jul-11 ,2.53E+06,-4.11E+06,-1.38E+06,4.32E+05,-1.89E+05,3.00E+04,,2.10E+06,-3.92E+06,-1.41E+06,4.66E+06
,,,,,,,,,,,
,,,,,,,,,,,
,,,,,,,,,,,
2028-Jul-12 ,2.47E+06,-4.06E+06,-1.40E+06,4.62E+05,-9.65E+04,3.59E+04,,2.01E+06,-3.96E+06,-1.43E+06,4.67E+06
,,,,,,,,,,,
,,,,,,,,,,,
,,,,,,,,,,,
2028-Jul-13 ,2.42E+06,-4.01E+06,-1.41E+06,4.70E+05,3.90E+02,4.01E+04,,1.95E+06,-4.01E+06,-1.45E+06,4.69E+06
,,,,,,,,,,,
,,,,,,,,,,,
,,,,,,,,,,,
2028-Jul-14 ,2.36E+06,-3.97E+06,-1.42E+06,4.58E+05,9.72E+04,4.25E+04,,1.90E+06,-4.07E+06,-1.46E+06,4.72E+06
,,,,,,,,,,,
,,,,,,,,,,,
,,,,,,,,,,,
2028-Jul-15 ,2.30E+06,-3.93E+06,-1.43E+06,4.24E+05,1.89E+05,4.29E+04,,1.88E+06,-4.12E+06,-1.47E+06,4.76E+06
,,,,,,,,,,,
,,,,,,,,,,,
,,,,,,,,,,,
2028-Jul-16 ,2.25E+06,-3.89E+06,-1.44E+06,3.70E+05,2.73E+05,4.13E+04,,1.88E+06,-4.16E+06,-1.48E+06,4.80E+06
,,,,,,,,,,,
,,,,,,,,,,,
,,,,,,,,,,,
2028-Jul-17 ,2.19E+06,-3.86E+06,-1.45E+06,2.98E+05,3.42E+05,3.77E+04,,1.90E+06,-4.20E+06,-1.49E+06,4.84E+06
,,,,,,,,,,,
,,,,,,,,,,,
,,,,,,,,,,,
2028-Jul-18 ,2.14E+06,-3.82E+06,-1.46E+06,2.11E+05,3.95E+05,3.21E+04,,1.93E+06,-4.22E+06,-1.49E+06,4.87E+06
,,,,,,,,,,,
,,,,,,,,,,,
,,,,,,,,,,,
2028-Jul-19 ,2.09E+06,-3.79E+06,-1.47E+06,1.13E+05,4.27E+05,2.49E+04,,1.97E+06,-4.22E+06,-1.50E+06,4.89E+06
,,,,,,,,,,,
,,,,,,,,,,,
,,,,,,,,,,,
2028-Jul-20 ,2.03E+06,-3.76E+06,-1.48E+06,7.76E+03,4.35E+05,1.63E+04,,2.03E+06,-4.20E+06,-1.50E+06,4.90E+06
,,,,,,,,,,,
,,,,,,,,,,,
,,,,,,,,,,,
2028-Jul-21 ,1.98E+06,-3.74E+06,-1.49E+06,-9.76E+04,4.19E+05,6.69E+03,,2.08E+06,-4.15E+06,-1.50E+06,4.88E+06
,,,,,,,,,,,
,,,,,,,,,,,
,,,,,,,,,,,
2028-Jul-22 ,1.93E+06,-3.71E+06,-1.50E+06,-1.97E+05,3.77E+05,-3.28E+03,,2.13E+06,-4.09E+06,-1.50E+06,4.85E+06
,,,,,,,,,,,
,,,,,,,,,,,
,,,,,,,,,,,
2028-Jul-23 ,1.88E+06,-3.69E+06,-1.51E+06,-2.85E+05,3.13E+05,-1.30E+04,,2.17E+06,-4.00E+06,-1.49E+06,4.79E+06
,,,,,,,,,,,
,,,,,,,,,,,
,,,,,,,,,,,
2028-Jul-24 ,1.83E+06,-3.67E+06,-1.51E+06,-3.54E+05,2.29E+05,-2.20E+04,,2.19E+06,-3.90E+06,-1.49E+06,4.71E+06
,,,,,,,,,,,
,,,,,,,,,,,
,,,,,,,,,,,
2028-Jul-25 ,1.79E+06,-3.65E+06,-1.52E+06,-4.02E+05,1.30E+05,-2.95E+04,,2.19E+06,-3.78E+06,-1.49E+06,4.62E+06
,,,,,,,,,,,
,,,,,,,,,,,
,,,,,,,,,,,
2028-Jul-26 ,1.74E+06,-3.63E+06,-1.53E+06,-4.24E+05,2.42E+04,-3.52E+04,,2.17E+06,-3.66E+06,-1.49E+06,4.50E+06
,,,,,,,,,,,
,,,,,,,,,,,
,,,,,,,,,,,
2028-Jul-27 ,1.70E+06,-3.62E+06,-1.53E+06,-4.20E+05,-8.35E+04,-3.87E+04,,2.12E+06,-3.53E+06,-1.50E+06,4.38E+06
,,,,,,,,,,,
,,,,,,,,,,,
,,,,,,,,,,,
2028-Jul-28 ,1.66E+06,-3.60E+06,-1.54E+06,-3.90E+05,-1.86E+05,-3.99E+04,,2.05E+06,-3.42E+06,-1.50E+06,4.26E+06
,,,,,,,,,,,
,,,,,,,,,,,
,,,,,,,,,,,
2028-Jul-29 ,1.62E+06,-3.59E+06,-1.54E+06,-3.38E+05,-2.78E+05,-3.87E+04,,1.95E+06,-3.31E+06,-1.51E+06,4.13E+06
,,,,,,,,,,,
,,,,,,,,,,,
,,,,,,,,,,,
2028-Jul-30 ,1.58E+06,-3.58E+06,-1.55E+06,-2.67E+05,-3.54E+05,-3.53E+04,,1.84E+06,-3.23E+06,-1.51E+06,4.01E+06
,,,,,,,,,,,
,,,,,,,,,,,
,,,,,,,,,,,
2028-Jul-31 ,1.54E+06,-3.57E+06,-1.55E+06,-1.81E+05,-4.10E+05,-3.00E+04,,1.72E+06,-3.16E+06,-1.52E+06,3.91E+06
,,,,,,,,,,,
,,,,,,,,,,,
,,,,,,,,,,,
2028-Aug-01 ,1.50E+06,-3.56E+06,-1.56E+06,-8.49E+04,-4.45E+05,-2.31E+04,,1.59E+06,-3.11E+06,-1.53E+06,3.82E+06
,,,,,,,,,,,
,,,,,,,,,,,
,,,,,,,,,,,
2028-Aug-02 ,1.47E+06,-3.55E+06,-1.56E+06,1.54E+04,-4.58E+05,-1.50E+04,,1.45E+06,-3.09E+06,-1.55E+06,3.75E+06
,,,,,,,,,,,
,,,,,,,,,,,
,,,,,,,,,,,
2028-Aug-03 ,1.44E+06,-3.55E+06,-1.56E+06,1.15E+05,-4.48E+05,-6.19E+03,,1.32E+06,-3.10E+06,-1.56E+06,3.71E+06
,,,,,,,,,,,
,,,,,,,,,,,
,,,,,,,,,,,
2028-Aug-04 ,1.40E+06,-3.54E+06,-1.57E+06,2.10E+05,-4.16E+05,2.95E+03,,1.20E+06,-3.12E+06,-1.57E+06,3.69E+06
,,,,,,,,,,,
,,,,,,,,,,,
,,,,,,,,,,,
2028-Aug-05 ,1.37E+06,-3.53E+06,-1.57E+06,2.94E+05,-3.65E+05,1.20E+04,,1.08E+06,-3.17E+06,-1.58E+06,3.70E+06
,,,,,,,,,,,
,,,,,,,,,,,
,,,,,,,,,,,
2028-Aug-06 ,1.35E+06,-3.53E+06,-1.57E+06,3.66E+05,-2.97E+05,2.04E+04,,9.80E+05,-3.23E+06,-1.59E+06,3.73E+06
,,,,,,,,,,,
,,,,,,,,,,,
,,,,,,,,,,,
2028-Aug-07 ,1.32E+06,-3.53E+06,-1.57E+06,4.20E+05,-2.15E+05,2.79E+04,,8.98E+05,-3.31E+06,-1.60E+06,3.78E+06
,,,,,,,,,,,
,,,,,,,,,,,
,,,,,,,,,,,
2028-Aug-08 ,1.29E+06,-3.52E+06,-1.57E+06,4.56E+05,-1.24E+05,3.41E+04,,8.36E+05,-3.40E+06,-1.60E+06,3.85E+06
,,,,,,,,,,,
,,,,,,,,,,,
,,,,,,,,,,,
2028-Aug-09 ,1.27E+06,-3.52E+06,-1.57E+06,4.71E+05,-2.79E+04,3.88E+04,,7.96E+05,-3.49E+06,-1.61E+06,3.93E+06
,,,,,,,,,,,
,,,,,,,,,,,
,,,,,,,,,,,
2028-Aug-10 ,1.24E+06,-3.52E+06,-1.57E+06,4.66E+05,6.94E+04,4.18E+04,,7.78E+05,-3.59E+06,-1.61E+06,4.01E+06
,,,,,,,,,,,
,,,,,,,,,,,
,,,,,,,,,,,
2028-Aug-11 ,1.22E+06,-3.52E+06,-1.57E+06,4.39E+05,1.63E+05,4.28E+04,,7.83E+05,-3.68E+06,-1.61E+06,4.10E+06
,,,,,,,,,,,
,,,,,,,,,,,
,,,,,,,,,,,
2028-Aug-12 ,1.20E+06,-3.52E+06,-1.57E+06,3.92E+05,2.50E+05,4.19E+04,,8.09E+05,-3.77E+06,-1.61E+06,4.18E+06
,,,,,,,,,,,
,,,,,,,,,,,
,,,,,,,,,,,
2028-Aug-13 ,1.18E+06,-3.52E+06,-1.56E+06,3.27E+05,3.24E+05,3.89E+04,,8.55E+05,-3.85E+06,-1.60E+06,4.25E+06
,,,,,,,,,,,
,,,,,,,,,,,
,,,,,,,,,,,
2028-Aug-14 ,1.16E+06,-3.52E+06,-1.56E+06,2.46E+05,3.83E+05,3.41E+04,,9.19E+05,-3.91E+06,-1.60E+06,4.32E+06
,,,,,,,,,,,
,,,,,,,,,,,
,,,,,,,,,,,
2028-Aug-15 ,1.15E+06,-3.53E+06,-1.56E+06,1.52E+05,4.22E+05,2.76E+04,,9.96E+05,-3.95E+06,-1.59E+06,4.37E+06
,,,,,,,,,,,
,,,,,,,,,,,
,,,,,,,,,,,
2028-Aug-16 ,1.13E+06,-3.53E+06,-1.56E+06,5.08E+04,4.39E+05,1.96E+04,,1.08E+06,-3.97E+06,-1.57E+06,4.41E+06
,,,,,,,,,,,
,,,,,,,,,,,
,,,,,,,,,,,
2028-Aug-17 ,1.12E+06,-3.53E+06,-1.55E+06,-5.38E+04,4.32E+05,1.05E+04,,1.18E+06,-3.97E+06,-1.56E+06,4.42E+06
,,,,,,,,,,,
,,,,,,,,,,,
,,,,,,,,,,,
2028-Aug-18 ,1.11E+06,-3.54E+06,-1.55E+06,-1.55E+05,3.99E+05,8.29E+02,,1.27E+06,-3.94E+06,-1.55E+06,4.42E+06
,,,,,,,,,,,
,,,,,,,,,,,
,,,,,,,,,,,
2028-Aug-19 ,1.10E+06,-3.54E+06,-1.54E+06,-2.48E+05,3.43E+05,-8.91E+03,,1.35E+06,-3.89E+06,-1.53E+06,4.39E+06
,,,,,,,,,,,
,,,,,,,,,,,
,,,,,,,,,,,
2028-Aug-20 ,1.09E+06,-3.55E+06,-1.54E+06,-3.25E+05,2.65E+05,-1.81E+04,,1.42E+06,-3.81E+06,-1.52E+06,4.34E+06
,,,,,,,,,,,
,,,,,,,,,,,
,,,,,,,,,,,
2028-Aug-21 ,1.09E+06,-3.55E+06,-1.53E+06,-3.81E+05,1.70E+05,-2.61E+04,,1.47E+06,-3.73E+06,-1.50E+06,4.28E+06
,,,,,,,,,,,
,,,,,,,,,,,
,,,,,,,,,,,
2028-Aug-22 ,1.08E+06,-3.56E+06,-1.52E+06,-4.13E+05,6.46E+04,-3.24E+04,,1.50E+06,-3.63E+06,-1.49E+06,4.20E+06
,,,,,,,,,,,
,,,,,,,,,,,
,,,,,,,,,,,
2028-Aug-23 ,1.08E+06,-3.57E+06,-1.52E+06,-4.18E+05,-4.52E+04,-3.65E+04,,1.50E+06,-3.52E+06,-1.48E+06,4.10E+06
,,,,,,,,,,,
,,,,,,,,,,,
,,,,,,,,,,,
2028-Aug-24 ,1.08E+06,-3.57E+06,-1.51E+06,-3.96E+05,-1.52E+05,-3.84E+04,,1.48E+06,-3.42E+06,-1.47E+06,4.01E+06
,,,,,,,,,,,
,,,,,,,,,,,
,,,,,,,,,,,
2028-Aug-25 ,1.08E+06,-3.58E+06,-1.50E+06,-3.50E+05,-2.49E+05,-3.79E+04,,1.43E+06,-3.33E+06,-1.46E+06,3.91E+06
,,,,,,,,,,,
,,,,,,,,,,,
,,,,,,,,,,,
2028-Aug-26 ,1.09E+06,-3.58E+06,-1.49E+06,-2.84E+05,-3.32E+05,-3.51E+04,,1.37E+06,-3.25E+06,-1.46E+06,3.82E+06
,,,,,,,,,,,
,,,,,,,,,,,
,,,,,,,,,,,
2028-Aug-27 ,1.09E+06,-3.59E+06,-1.49E+06,-2.01E+05,-3.95E+05,-3.03E+04,,1.29E+06,-3.19E+06,-1.45E+06,3.74E+06
,,,,,,,,,,,
,,,,,,,,,,,
,,,,,,,,,,,
2028-Aug-28 ,1.10E+06,-3.60E+06,-1.48E+06,-1.07E+05,-4.37E+05,-2.38E+04,,1.21E+06,-3.16E+06,-1.45E+06,3.68E+06
,,,,,,,,,,,
,,,,,,,,,,,
,,,,,,,,,,,
2028-Aug-29 ,1.11E+06,-3.60E+06,-1.47E+06,-7.98E+03,-4.56E+05,-1.61E+04,,1.12E+06,-3.14E+06,-1.45E+06,3.64E+06
,,,,,,,,,,,
,,,,,,,,,,,
,,,,,,,,,,,
2028-Aug-30 ,1.12E+06,-3.60E+06,-1.46E+06,9.21E+04,-4.52E+05,-7.62E+03,,1.03E+06,-3.15E+06,-1.45E+06,3.62E+06
,,,,,,,,,,,
,,,,,,,,,,,
,,,,,,,,,,,
2028-Aug-31 ,1.13E+06,-3.61E+06,-1.44E+06,1.88E+05,-4.26E+05,1.27E+03,,9.42E+05,-3.18E+06,-1.45E+06,3.62E+06
,,,,,,,,,,,
,,,,,,,,,,,
,,,,,,,,,,,
2028-Sep-01 ,1.14E+06,-3.61E+06,-1.43E+06,2.75E+05,-3.80E+05,1.01E+04,,8.68E+05,-3.23E+06,-1.44E+06,3.64E+06
,,,,,,,,,,,
,,,,,,,,,,,
,,,,,,,,,,,
2028-Sep-02 ,1.16E+06,-3.61E+06,-1.42E+06,3.50E+05,-3.16E+05,1.85E+04,,8.08E+05,-3.30E+06,-1.44E+06,3.69E+06
,,,,,,,,,,,
,,,,,,,,,,,
,,,,,,,,,,,
2028-Sep-03 ,1.17E+06,-3.61E+06,-1.41E+06,4.08E+05,-2.38E+05,2.60E+04,,7.65E+05,-3.38E+06,-1.44E+06,3.75E+06
,,,,,,,,,,,
,,,,,,,,,,,
,,,,,,,,,,,
2028-Sep-04 ,1.19E+06,-3.61E+06,-1.40E+06,4.49E+05,-1.49E+05,3.23E+04,,7.41E+05,-3.47E+06,-1.43E+06,3.82E+06
,,,,,,,,,,,
,,,,,,,,,,,
,,,,,,,,,,,
2028-Sep-05 ,1.21E+06,-3.61E+06,-1.38E+06,4.70E+05,-5.33E+04,3.72E+04,,7.39E+05,-3.56E+06,-1.42E+06,3.91E+06
,,,,,,,,,,,
,,,,,,,,,,,
,,,,,,,,,,,
2028-Sep-06 ,1.23E+06,-3.61E+06,-1.37E+06,4.70E+05,4.44E+04,4.04E+04,,7.58E+05,-3.66E+06,-1.41E+06,3.99E+06
,,,,,,,,,,,
,,,,,,,,,,,
,,,,,,,,,,,
2028-Sep-07 ,1.25E+06,-3.61E+06,-1.36E+06,4.49E+05,1.40E+05,4.18E+04,,8.00E+05,-3.75E+06,-1.40E+06,4.08E+06
,,,,,,,,,,,
,,,,,,,,,,,
,,,,,,,,,,,
2028-Sep-08 ,1.27E+06,-3.61E+06,-1.34E+06,4.09E+05,2.29E+05,4.13E+04,,8.63E+05,-3.84E+06,-1.38E+06,4.17E+06
,,,,,,,,,,,
,,,,,,,,,,,
,,,,,,,,,,,
2028-Sep-09 ,1.29E+06,-3.61E+06,-1.33E+06,3.49E+05,3.08E+05,3.88E+04,,9.46E+05,-3.92E+06,-1.37E+06,4.26E+06
,,,,,,,,,,,
,,,,,,,,,,,
,,,,,,,,,,,
2028-Sep-10 ,1.32E+06,-3.61E+06,-1.31E+06,2.73E+05,3.72E+05,3.46E+04,,1.05E+06,-3.98E+06,-1.35E+06,4.33E+06
,,,,,,,,,,,
,,,,,,,,,,,
,,,,,,,,,,,
2028-Sep-11 ,1.34E+06,-3.60E+06,-1.30E+06,1.84E+05,4.17E+05,2.86E+04,,1.16E+06,-4.02E+06,-1.33E+06,4.39E+06
,,,,,,,,,,,
,,,,,,,,,,,
,,,,,,,,,,,
2028-Sep-12 ,1.37E+06,-3.60E+06,-1.28E+06,8.62E+04,4.42E+05,2.12E+04,,1.29E+06,-4.04E+06,-1.30E+06,4.44E+06
,,,,,,,,,,,
,,,,,,,,,,,
,,,,,,,,,,,
2028-Sep-13 ,1.40E+06,-3.60E+06,-1.26E+06,-1.64E+04,4.43E+05,1.27E+04,,1.42E+06,-4.04E+06,-1.28E+06,4.47E+06
,,,,,,,,,,,
,,,,,,,,,,,
,,,,,,,,,,,
2028-Sep-14 ,1.43E+06,-3.59E+06,-1.25E+06,-1.18E+05,4.21E+05,3.54E+03,,1.55E+06,-4.01E+06,-1.25E+06,4.48E+06
,,,,,,,,,,,
,,,,,,,,,,,
,,,,,,,,,,,
2028-Sep-15 ,1.46E+06,-3.59E+06,-1.23E+06,-2.13E+05,3.74E+05,-5.86E+03,,1.67E+06,-3.96E+06,-1.22E+06,4.47E+06
,,,,,,,,,,,
,,,,,,,,,,,
,,,,,,,,,,,
2028-Sep-16 ,1.49E+06,-3.58E+06,-1.21E+06,-2.95E+05,3.04E+05,-1.49E+04,,1.79E+06,-3.88E+06,-1.20E+06,4.44E+06
,,,,,,,,,,,
,,,,,,,,,,,
,,,,,,,,,,,
2028-Sep-17 ,1.52E+06,-3.57E+06,-1.19E+06,-3.59E+05,2.16E+05,-2.30E+04,,1.88E+06,-3.79E+06,-1.17E+06,4.39E+06
,,,,,,,,,,,
,,,,,,,,,,,
,,,,,,,,,,,
2028-Sep-18 ,1.56E+06,-3.56E+06,-1.18E+06,-4.01E+05,1.13E+05,-2.96E+04,,1.96E+06,-3.68E+06,-1.15E+06,4.32E+06
,,,,,,,,,,,
,,,,,,,,,,,
,,,,,,,,,,,
2028-Sep-19 ,1.59E+06,-3.55E+06,-1.16E+06,-4.16E+05,3.49E+03,-3.43E+04,,2.01E+06,-3.56E+06,-1.12E+06,4.24E+06
,,,,,,,,,,,
,,,,,,,,,,,
,,,,,,,,,,,
2028-Sep-20 ,1.63E+06,-3.54E+06,-1.14E+06,-4.04E+05,-1.07E+05,-3.67E+04,,2.04E+06,-3.44E+06,-1.10E+06,4.14E+06
,,,,,,,,,,,
,,,,,,,,,,,
,,,,,,,,,,,
2028-Sep-21 ,1.67E+06,-3.53E+06,-1.12E+06,-3.66E+05,-2.10E+05,-3.67E+04,,2.04E+06,-3.32E+06,-1.08E+06,4.05E+06
,,,,,,,,,,,
,,,,,,,,,,,
,,,,,,,,,,,
2028-Sep-22 ,1.71E+06,-3.52E+06,-1.10E+06,-3.05E+05,-2.99E+05,-3.44E+04,,2.02E+06,-3.22E+06,-1.06E+06,3.95E+06
,,,,,,,,,,,
,,,,,,,,,,,
,,,,,,,,,,,
2028-Sep-23 ,1.75E+06,-3.51E+06,-1.08E+06,-2.26E+05,-3.71E+05,-3.00E+04,,1.98E+06,-3.14E+06,-1.05E+06,3.85E+06
,,,,,,,,,,,
,,,,,,,,,,,
,,,,,,,,,,,
2028-Sep-24 ,1.79E+06,-3.49E+06,-1.06E+06,-1.34E+05,-4.21E+05,-2.39E+04,,1.93E+06,-3.07E+06,-1.03E+06,3.77E+06
,,,,,,,,,,,
,,,,,,,,,,,
,,,,,,,,,,,
2028-Sep-25 ,1.84E+06,-3.48E+06,-1.04E+06,-3.52E+04,-4.48E+05,-1.64E+04,,1.87E+06,-3.03E+06,-1.02E+06,3.70E+06
,,,,,,,,,,,
,,,,,,,,,,,
,,,,,,,,,,,
2028-Sep-26 ,1.88E+06,-3.46E+06,-1.02E+06,6.60E+04,-4.52E+05,-8.11E+03,,1.81E+06,-3.01E+06,-1.01E+06,3.65E+06
,,,,,,,,,,,
,,,,,,,,,,,
,,,,,,,,,,,
2028-Sep-27 ,1.93E+06,-3.44E+06,-9.94E+05,1.64E+05,-4.32E+05,6.27E+02,,1.76E+06,-3.01E+06,-9.94E+05,3.62E+06
,,,,,,,,,,,
,,,,,,,,,,,
,,,,,,,,,,,
2028-Sep-28 ,1.97E+06,-3.42E+06,-9.72E+05,2.54E+05,-3.92E+05,9.33E+03,,1.72E+06,-3.03E+06,-9.81E+05,3.61E+06
,,,,,,,,,,,
,,,,,,,,,,,
,,,,,,,,,,,
2028-Sep-29 ,2.02E+06,-3.39E+06,-9.49E+05,3.32E+05,-3.33E+05,1.76E+04,,1.69E+06,-3.06E+06,-9.67E+05,3.63E+06
,,,,,,,,,,,
,,,,,,,,,,,
,,,,,,,,,,,
2028-Sep-30 ,2.06E+06,-3.37E+06,-9.26E+05,3.95E+05,-2.58E+05,2.50E+04,,1.67E+06,-3.11E+06,-9.52E+05,3.66E+06
,,,,,,,,,,,
,,,,,,,,,,,
,,,,,,,,,,,
2028-Oct-01 ,2.11E+06,-3.35E+06,-9.03E+05,4.41E+05,-1.72E+05,3.14E+04,,1.67E+06,-3.17E+06,-9.35E+05,3.71E+06
,,,,,,,,,,,
,,,,,,,,,,,
,,,,,,,,,,,
2028-Oct-02 ,2.16E+06,-3.32E+06,-8.80E+05,4.67E+05,-7.78E+04,3.63E+04,,1.69E+06,-3.24E+06,-9.16E+05,3.77E+06
,,,,,,,,,,,
,,,,,,,,,,,
,,,,,,,,,,,
2028-Oct-03 ,2.21E+06,-3.29E+06,-8.57E+05,4.72E+05,1.99E+04,3.95E+04,,1.74E+06,-3.31E+06,-8.96E+05,3.85E+06
,,,,,,,,,,,
,,,,,,,,,,,
,,,,,,,,,,,
2028-Oct-04 ,2.26E+06,-3.26E+06,-8.33E+05,4.56E+05,1.17E+05,4.10E+04,,1.80E+06,-3.38E+06,-8.74E+05,3.93E+06
,,,,,,,,,,,
,,,,,,,,,,,
,,,,,,,,,,,
2028-Oct-05 ,2.31E+06,-3.23E+06,-8.09E+05,4.20E+05,2.08E+05,4.06E+04,,1.89E+06,-3.44E+06,-8.49E+05,4.01E+06
,,,,,,,,,,,
,,,,,,,,,,,
,,,,,,,,,,,
2028-Oct-06 ,2.36E+06,-3.20E+06,-7.84E+05,3.65E+05,2.90E+05,3.83E+04,,1.99E+06,-3.49E+06,-8.23E+05,4.10E+06
,,,,,,,,,,,
,,,,,,,,,,,
,,,,,,,,,,,
2028-Oct-07 ,2.41E+06,-3.17E+06,-7.60E+05,2.93E+05,3.59E+05,3.43E+04,,2.11E+06,-3.53E+06,-7.94E+05,4.19E+06
,,,,,,,,,,,
,,,,,,,,,,,
,,,,,,,,,,,
2028-Oct-08 ,2.46E+06,-3.13E+06,-7.35E+05,2.08E+05,4.10E+05,2.86E+04,,2.25E+06,-3.54E+06,-7.64E+05,4.27E+06
,,,,,,,,,,,
,,,,,,,,,,,
,,,,,,,,,,,
2028-Oct-09 ,2.51E+06,-3.10E+06,-7.10E+05,1.12E+05,4.42E+05,2.15E+04,,2.40E+06,-3.54E+06,-7.31E+05,4.34E+06
,,,,,,,,,,,
,,,,,,,,,,,
,,,,,,,,,,,
2028-Oct-10 ,2.56E+06,-3.06E+06,-6.85E+05,1.16E+04,4.51E+05,1.33E+04,,2.55E+06,-3.51E+06,-6.98E+05,4.40E+06
,,,,,,,,,,,
,,,,,,,,,,,
,,,,,,,,,,,
2028-Oct-11 ,2.61E+06,-3.02E+06,-6.59E+05,-8.98E+04,4.36E+05,4.39E+03,,2.70E+06,-3.46E+06,-6.64E+05,4.44E+06
,,,,,,,,,,,
,,,,,,,,,,,
,,,,,,,,,,,
2028-Oct-12 ,2.67E+06,-2.98E+06,-6.34E+05,-1.86E+05,3.98E+05,-4.72E+03,,2.85E+06,-3.38E+06,-6.29E+05,4.47E+06
,,,,,,,,,,,
,,,,,,,,,,,
,,,,,,,,,,,
2028-Oct-13 ,2.72E+06,-2.94E+06,-6.08E+05,-2.72E+05,3.37E+05,-1.36E+04,,2.99E+06,-3.28E+06,-5.94E+05,4.48E+06
,,,,,,,,,,,
,,,,,,,,,,,
,,,,,,,,,,,
2028-Oct-14 ,2.77E+06,-2.90E+06,-5.81E+05,-3.42E+05,2.56E+05,-2.16E+04,,3.12E+06,-3.16E+06,-5.60E+05,4.47E+06
,,,,,,,,,,,
,,,,,,,,,,,
,,,,,,,,,,,
2028-Oct-15 ,2.83E+06,-2.86E+06,-5.55E+05,-3.91E+05,1.60E+05,-2.83E+04,,3.22E+06,-3.02E+06,-5.27E+05,4.44E+06
,,,,,,,,,,,
,,,,,,,,,,,
,,,,,,,,,,,
2028-Oct-16 ,2.88E+06,-2.82E+06,-5.29E+05,-4.16E+05,5.32E+04,-3.33E+04,,3.30E+06,-2.87E+06,-4.95E+05,4.40E+06
,,,,,,,,,,,
,,,,,,,,,,,
,,,,,,,,,,,
2028-Oct-17 ,2.94E+06,-2.77E+06,-5.02E+05,-4.14E+05,-5.70E+04,-3.60E+04,,3.35E+06,-2.71E+06,-4.66E+05,4.34E+06
,,,,,,,,,,,
,,,,,,,,,,,
,,,,,,,,,,,
2028-Oct-18 ,3.00E+06,-2.72E+06,-4.75E+05,-3.85E+05,-1.64E+05,-3.65E+04,,3.38E+06,-2.56E+06,-4.38E+05,4.26E+06
,,,,,,,,,,,
,,,,,,,,,,,
,,,,,,,,,,,
2028-Oct-19 ,3.05E+06,-2.67E+06,-4.48E+05,-3.33E+05,-2.60E+05,-3.46E+04,,3.38E+06,-2.41E+06,-4.13E+05,4.18E+06
,,,,,,,,,,,
,,,,,,,,,,,
,,,,,,,,,,,
2028-Oct-20 ,3.11E+06,-2.62E+06,-4.21E+05,-2.59E+05,-3.40E+05,-3.05E+04,,3.37E+06,-2.28E+06,-3.90E+05,4.09E+06
,,,,,,,,,,,
,,,,,,,,,,,
,,,,,,,,,,,
2028-Oct-21 ,3.17E+06,-2.57E+06,-3.93E+05,-1.70E+05,-3.99E+05,-2.45E+04,,3.34E+06,-2.17E+06,-3.69E+05,4.00E+06
,,,,,,,,,,,
,,,,,,,,,,,
,,,,,,,,,,,
2028-Oct-22 ,3.23E+06,-2.52E+06,-3.66E+05,-7.10E+04,-4.35E+05,-1.71E+04,,3.30E+06,-2.08E+06,-3.48E+05,3.91E+06
,,,,,,,,,,,
,,,,,,,,,,,
,,,,,,,,,,,
2028-Oct-23 ,3.28E+06,-2.46E+06,-3.38E+05,3.17E+04,-4.48E+05,-8.76E+03,,3.25E+06,-2.01E+06,-3.29E+05,3.84E+06
,,,,,,,,,,,
,,,,,,,,,,,
,,,,,,,,,,,
2028-Oct-24 ,3.34E+06,-2.40E+06,-3.10E+05,1.32E+05,-4.36E+05,5.78E+01,,3.21E+06,-1.97E+06,-3.10E+05,3.78E+06
,,,,,,,,,,,
,,,,,,,,,,,
,,,,,,,,,,,
2028-Oct-25 ,3.40E+06,-2.34E+06,-2.82E+05,2.27E+05,-4.02E+05,8.88E+03,,3.17E+06,-1.94E+06,-2.91E+05,3.73E+06
,,,,,,,,,,,
,,,,,,,,,,,
,,,,,,,,,,,
2028-Oct-26 ,3.46E+06,-2.28E+06,-2.54E+05,3.10E+05,-3.49E+05,1.73E+04,,3.15E+06,-1.93E+06,-2.71E+05,3.71E+06
,,,,,,,,,,,
,,,,,,,,,,,
,,,,,,,,,,,
2028-Oct-27 ,3.52E+06,-2.22E+06,-2.26E+05,3.78E+05,-2.79E+05,2.48E+04,,3.14E+06,-1.94E+06,-2.51E+05,3.70E+06
,,,,,,,,,,,
,,,,,,,,,,,
,,,,,,,,,,,
2028-Oct-28 ,3.58E+06,-2.16E+06,-1.98E+05,4.29E+05,-1.96E+05,3.13E+04,,3.15E+06,-1.96E+06,-2.29E+05,3.72E+06
,,,,,,,,,,,
,,,,,,,,,,,
,,,,,,,,,,,
2028-Oct-29 ,3.64E+06,-2.09E+06,-1.69E+05,4.61E+05,-1.04E+05,3.63E+04,,3.17E+06,-1.99E+06,-2.06E+05,3.75E+06
,,,,,,,,,,,
,,,,,,,,,,,
,,,,,,,,,,,
2028-Oct-30 ,3.69E+06,-2.02E+06,-1.41E+05,4.72E+05,-6.94E+03,3.96E+04,,3.22E+06,-2.01E+06,-1.81E+05,3.80E+06
,,,,,,,,,,,
,,,,,,,,,,,
,,,,,,,,,,,
2028-Oct-31 ,3.75E+06,-1.95E+06,-1.13E+05,4.61E+05,9.05E+04,4.12E+04,,3.29E+06,-2.04E+06,-1.54E+05,3.88E+06
,,,,,,,,,,,
,,,,,,,,,,,
,,,,,,,,,,,
2028-Nov-01 ,3.81E+06,-1.88E+06,-8.46E+04,4.31E+05,1.84E+05,4.09E+04,,3.38E+06,-2.06E+06,-1.25E+05,3.96E+06
,,,,,,,,,,,
,,,,,,,,,,,
,,,,,,,,,,,
2028-Nov-02 ,3.87E+06,-1.81E+06,-5.63E+04,3.80E+05,2.69E+05,3.86E+04,,3.49E+06,-2.08E+06,-9.49E+04,4.06E+06
,,,,,,,,,,,
,,,,,,,,,,,
,,,,,,,,,,,
2028-Nov-03 ,3.93E+06,-1.73E+06,-2.80E+04,3.12E+05,3.42E+05,3.46E+04,,3.61E+06,-2.08E+06,-6.26E+04,4.17E+06
,,,,,,,,,,,
,,,,,,,,,,,
,,,,,,,,,,,
2028-Nov-04 ,3.98E+06,-1.66E+06,3.15E+02,2.29E+05,3.99E+05,2.89E+04,,3.75E+06,-2.06E+06,-2.86E+04,4.28E+06
,,,,,,,,,,,
,,,,,,,,,,,
,,,,,,,,,,,
2028-Nov-05 ,4.04E+06,-1.58E+06,2.86E+04,1.35E+05,4.36E+05,2.18E+04,,3.90E+06,-2.02E+06,6.84E+03,4.39E+06
,,,,,,,,,,,
,,,,,,,,,,,
,,,,,,,,,,,
2028-Nov-06 ,4.10E+06,-1.50E+06,5.69E+04,3.48E+04,4.51E+05,1.35E+04,,4.06E+06,-1.95E+06,4.33E+04,4.51E+06
,,,,,,,,,,,
,,,,,,,,,,,
,,,,,,,,,,,
2028-Nov-07 ,4.15E+06,-1.42E+06,8.51E+04,-6.71E+04,4.43E+05,4.62E+03,,4.22E+06,-1.87E+06,8.05E+04,4.62E+06
,,,,,,,,,,,
,,,,,,,,,,,
,,,,,,,,,,,
2028-Nov-08 ,4.21E+06,-1.34E+06,1.13E+05,-1.65E+05,4.12E+05,-4.55E+03,,4.38E+06,-1.75E+06,1.18E+05,4.72E+06
,,,,,,,,,,,
,,,,,,,,,,,
,,,,,,,,,,,
2028-Nov-09 ,4.27E+06,-1.26E+06,1.42E+05,-2.54E+05,3.59E+05,-1.35E+04,,4.52E+06,-1.62E+06,1.55E+05,4.80E+06
,,,,,,,,,,,
,,,,,,,,,,,
,,,,,,,,,,,
2028-Nov-10 ,4.32E+06,-1.17E+06,1.70E+05,-3.29E+05,2.85E+05,-2.16E+04,,4.65E+06,-1.46E+06,1.91E+05,4.88E+06
,,,,,,,,,,,
,,,,,,,,,,,
,,,,,,,,,,,
2028-Nov-11 ,4.38E+06,-1.09E+06,1.98E+05,-3.84E+05,1.95E+05,-2.85E+04,,4.77E+06,-1.28E+06,2.26E+05,4.94E+06
,,,,,,,,,,,
,,,,,,,,,,,
,,,,,,,,,,,
2028-Nov-12 ,4.44E+06,-9.98E+05,2.26E+05,-4.17E+05,9.27E+04,-3.37E+04,,4.86E+06,-1.09E+06,2.60E+05,4.98E+06
,,,,,,,,,,,
,,,,,,,,,,,
,,,,,,,,,,,
2028-Nov-13 ,4.50E+06,-9.08E+05,2.54E+05,-4.24E+05,-1.50E+04,-3.68E+04,,4.92E+06,-8.93E+05,2.91E+05,5.01E+06
,,,,,,,,,,,
,,,,,,,,,,,
,,,,,,,,,,,
2028-Nov-14 ,4.55E+06,-8.17E+05,2.82E+05,-4.05E+05,-1.22E+05,-3.77E+04,,4.96E+06,-6.95E+05,3.19E+05,5.02E+06
,,,,,,,,,,,
,,,,,,,,,,,
,,,,,,,,,,,
2028-Nov-15 ,4.61E+06,-7.23E+05,3.10E+05,-3.61E+05,-2.22E+05,-3.62E+04,,4.97E+06,-5.02E+05,3.46E+05,5.01E+06
,,,,,,,,,,,
,,,,,,,,,,,
,,,,,,,,,,,
2028-Nov-16 ,4.67E+06,-6.28E+05,3.37E+05,-2.95E+05,-3.08E+05,-3.24E+04,,4.96E+06,-3.20E+05,3.70E+05,4.99E+06
,,,,,,,,,,,
,,,,,,,,,,,
,,,,,,,,,,,
2028-Nov-17 ,4.72E+06,-5.30E+05,3.65E+05,-2.10E+05,-3.75E+05,-2.67E+04,,4.94E+06,-1.55E+05,3.92E+05,4.95E+06
,,,,,,,,,,,
,,,,,,,,,,,
,,,,,,,,,,,
2028-Nov-18 ,4.78E+06,-4.31E+05,3.93E+05,-1.14E+05,-4.20E+05,-1.93E+04,,4.90E+06,-1.05E+04,4.12E+05,4.91E+06
,,,,,,,,,,,
,,,,,,,,,,,
,,,,,,,,,,,
2028-Nov-19 ,4.84E+06,-3.29E+05,4.20E+05,-1.06E+04,-4.42E+05,-1.08E+04,,4.85E+06,1.13E+05,4.31E+05,4.87E+06
,,,,,,,,,,,
,,,,,,,,,,,
,,,,,,,,,,,
2028-Nov-20 ,4.89E+06,-2.25E+05,4.48E+05,9.29E+04,-4.39E+05,-1.73E+03,,4.80E+06,2.13E+05,4.49E+05,4.83E+06
,,,,,,,,,,,
,,,,,,,,,,,
,,,,,,,,,,,
2028-Nov-21 ,4.95E+06,-1.19E+05,4.75E+05,1.91E+05,-4.13E+05,7.45E+03,,4.76E+06,2.93E+05,4.67E+05,4.79E+06
,,,,,,,,,,,
,,,,,,,,,,,
,,,,,,,,,,,
2028-Nov-22 ,5.01E+06,-1.12E+04,5.02E+05,2.80E+05,-3.66E+05,1.63E+04,,4.73E+06,3.55E+05,4.86E+05,4.76E+06
,,,,,,,,,,,
,,,,,,,,,,,
,,,,,,,,,,,
2028-Nov-23 ,5.06E+06,9.92E+04,5.29E+05,3.55E+05,-3.01E+05,2.43E+04,,4.71E+06,4.00E+05,5.05E+05,4.75E+06
,,,,,,,,,,,
,,,,,,,,,,,
,,,,,,,,,,,
2028-Nov-24 ,5.12E+06,2.12E+05,5.56E+05,4.13E+05,-2.22E+05,3.11E+04,,4.70E+06,4.34E+05,5.24E+05,4.75E+06
,,,,,,,,,,,
,,,,,,,,,,,
,,,,,,,,,,,
2028-Nov-25 ,5.17E+06,3.26E+05,5.82E+05,4.51E+05,-1.33E+05,3.65E+04,,4.72E+06,4.59E+05,5.46E+05,4.77E+06
,,,,,,,,,,,
,,,,,,,,,,,
,,,,,,,,,,,
2028-Nov-26 ,5.22E+06,4.43E+05,6.08E+05,4.69E+05,-3.72E+04,4.03E+04,,4.75E+06,4.80E+05,5.68E+05,4.81E+06
,,,,,,,,,,,
,,,,,,,,,,,
,,,,,,,,,,,
2028-Nov-27 ,5.27E+06,5.62E+05,6.35E+05,4.66E+05,6.02E+04,4.22E+04,,4.81E+06,5.02E+05,5.92E+05,4.87E+06
,,,,,,,,,,,
,,,,,,,,,,,
,,,,,,,,,,,
2028-Nov-28 ,5.32E+06,6.83E+05,6.61E+05,4.42E+05,1.55E+05,4.21E+04,,4.88E+06,5.28E+05,6.18E+05,4.95E+06
,,,,,,,,,,,
,,,,,,,,,,,
,,,,,,,,,,,
2028-Nov-29 ,5.38E+06,8.06E+05,6.86E+05,3.97E+05,2.43E+05,4.01E+04,,4.98E+06,5.63E+05,6.46E+05,5.05E+06
,,,,,,,,,,,
,,,,,,,,,,,
,,,,,,,,,,,
2028-Nov-30 ,5.42E+06,9.31E+05,7.12E+05,3.33E+05,3.20E+05,3.63E+04,,5.09E+06,6.11E+05,6.75E+05,5.17E+06
,,,,,,,,,,,
,,,,,,,,,,,
,,,,,,,,,,,
2028-Dec-01 ,5.47E+06,1.06E+06,7.37E+05,2.54E+05,3.81E+05,3.06E+04,,5.22E+06,6.77E+05,7.06E+05,5.31E+06
,,,,,,,,,,,
,,,,,,,,,,,
,,,,,,,,,,,
2028-Dec-02 ,5.52E+06,1.19E+06,7.62E+05,1.62E+05,4.24E+05,2.35E+04,,5.36E+06,7.63E+05,7.38E+05,5.46E+06
,,,,,,,,,,,
,,,,,,,,,,,
,,,,,,,,,,,
2028-Dec-03 ,5.57E+06,1.32E+06,7.87E+05,6.21E+04,4.46E+05,1.51E+04,,5.51E+06,8.72E+05,7.71E+05,5.63E+06
,,,,,,,,,,,
,,,,,,,,,,,
,,,,,,,,,,,
2028-Dec-04 ,5.61E+06,1.45E+06,8.11E+05,-4.10E+04,4.45E+05,5.98E+03,,5.66E+06,1.01E+06,8.05E+05,5.80E+06
,,,,,,,,,,,
,,,,,,,,,,,
,,,,,,,,,,,
2028-Dec-05 ,5.66E+06,1.59E+06,8.35E+05,-1.42E+05,4.20E+05,-3.48E+03,,5.80E+06,1.17E+06,8.39E+05,5.98E+06
,,,,,,,,,,,
,,,,,,,,,,,
,,,,,,,,,,,
2028-Dec-06 ,5.71E+06,1.72E+06,8.59E+05,-2.35E+05,3.72E+05,-1.28E+04,,5.94E+06,1.35E+06,8.72E+05,6.15E+06
,,,,,,,,,,,
,,,,,,,,,,,
,,,,,,,,,,,
2028-Dec-07 ,5.75E+06,1.86E+06,8.83E+05,-3.14E+05,3.03E+05,-2.13E+04,,6.06E+06,1.56E+06,9.04E+05,6.33E+06
,,,,,,,,,,,
,,,,,,,,,,,
,,,,,,,,,,,
2028-Dec-08 ,5.79E+06,2.00E+06,9.06E+05,-3.75E+05,2.18E+05,-2.86E+04,,6.17E+06,1.79E+06,9.35E+05,6.49E+06
,,,,,,,,,,,
,,,,,,,,,,,
,,,,,,,,,,,
2028-Dec-09 ,5.83E+06,2.15E+06,9.30E+05,-4.15E+05,1.20E+05,-3.43E+04,,6.25E+06,2.03E+06,9.64E+05,6.64E+06
,,,,,,,,,,,
,,,,,,,,,,,
,,,,,,,,,,,
2028-Dec-10 ,5.88E+06,2.29E+06,9.53E+05,-4.30E+05,1.42E+04,-3.79E+04,,6.31E+06,2.28E+06,9.91E+05,6.78E+06
,,,,,,,,,,,
,,,,,,,,,,,
,,,,,,,,,,,
2028-Dec-11 ,5.92E+06,2.44E+06,9.75E+05,-4.19E+05,-9.20E+04,-3.93E+04,,6.34E+06,2.53E+06,1.01E+06,6.90E+06
,,,,,,,,,,,
,,,,,,,,,,,
,,,,,,,,,,,
2028-Dec-12 ,5.96E+06,2.59E+06,9.98E+05,-3.84E+05,-1.93E+05,-3.83E+04,,6.34E+06,2.78E+06,1.04E+06,7.00E+06
,,,,,,,,,,,
,,,,,,,,,,,
,,,,,,,,,,,
2028-Dec-13 ,5.99E+06,2.74E+06,1.02E+06,-3.25E+05,-2.82E+05,-3.50E+04,,6.32E+06,3.03E+06,1.05E+06,7.09E+06
,,,,,,,,,,,
,,,,,,,,,,,
,,,,,,,,,,,
2028-Dec-14 ,6.03E+06,2.90E+06,1.04E+06,-2.47E+05,-3.55E+05,-2.97E+04,,6.28E+06,3.26E+06,1.07E+06,7.15E+06
,,,,,,,,,,,
,,,,,,,,,,,
,,,,,,,,,,,
2028-Dec-15 ,6.07E+06,3.06E+06,1.06E+06,-1.55E+05,-4.08E+05,-2.26E+04,,6.22E+06,3.47E+06,1.09E+06,7.21E+06
,,,,,,,,,,,
,,,,,,,,,,,
,,,,,,,,,,,
2028-Dec-16 ,6.10E+06,3.22E+06,1.08E+06,-5.35E+04,-4.37E+05,-1.42E+04,,6.16E+06,3.66E+06,1.10E+06,7.25E+06
,,,,,,,,,,,
,,,,,,,,,,,
,,,,,,,,,,,
2028-Dec-17 ,6.14E+06,3.38E+06,1.11E+06,5.08E+04,-4.43E+05,-4.98E+03,,6.09E+06,3.83E+06,1.11E+06,7.28E+06
,,,,,,,,,,,
,,,,,,,,,,,
,,,,,,,,,,,
2028-Dec-18 ,6.17E+06,3.55E+06,1.13E+06,1.52E+05,-4.25E+05,4.49E+03,,6.02E+06,3.98E+06,1.12E+06,7.30E+06
,,,,,,,,,,,
,,,,,,,,,,,
,,,,,,,,,,,
2028-Dec-19 ,6.20E+06,3.72E+06,1.15E+06,2.46E+05,-3.84E+05,1.37E+04,,5.96E+06,4.11E+06,1.13E+06,7.32E+06
,,,,,,,,,,,
,,,,,,,,,,,
,,,,,,,,,,,
2028-Dec-20 ,6.23E+06,3.89E+06,1.17E+06,3.27E+05,-3.25E+05,2.23E+04,,5.90E+06,4.22E+06,1.14E+06,7.35E+06
,,,,,,,,,,,
,,,,,,,,,,,
,,,,,,,,,,,
2028-Dec-21 ,6.26E+06,4.07E+06,1.19E+06,3.92E+05,-2.51E+05,2.97E+04,,5.86E+06,4.32E+06,1.16E+06,7.37E+06
,,,,,,,,,,,
,,,,,,,,,,,
,,,,,,,,,,,
2028-Dec-22 ,6.28E+06,4.25E+06,1.21E+06,4.39E+05,-1.64E+05,3.58E+04,,5.84E+06,4.41E+06,1.17E+06,7.41E+06
,,,,,,,,,,,
,,,,,,,,,,,
,,,,,,,,,,,
2028-Dec-23 ,6.30E+06,4.43E+06,1.22E+06,4.65E+05,-7.00E+04,4.02E+04,,5.84E+06,4.50E+06,1.18E+06,7.47E+06
,,,,,,,,,,,
,,,,,,,,,,,
,,,,,,,,,,,
2028-Dec-24 ,6.33E+06,4.61E+06,1.24E+06,4.70E+05,2.71E+04,4.27E+04,,5.86E+06,4.58E+06,1.20E+06,7.53E+06
,,,,,,,,,,,
,,,,,,,,,,,
,,,,,,,,,,,
2028-Dec-25 ,6.34E+06,4.80E+06,1.26E+06,4.53E+05,1.23E+05,4.33E+04,,5.89E+06,4.67E+06,1.22E+06,7.62E+06
,,,,,,,,,,,
,,,,,,,,,,,
,,,,,,,,,,,
2028-Dec-26 ,6.36E+06,4.98E+06,1.28E+06,4.15E+05,2.13E+05,4.19E+04,,5.95E+06,4.77E+06,1.24E+06,7.72E+06
,,,,,,,,,,,
,,,,,,,,,,,
,,,,,,,,,,,
2028-Dec-27 ,6.37E+06,5.17E+06,1.30E+06,3.59E+05,2.94E+05,3.86E+04,,6.02E+06,4.88E+06,1.26E+06,7.85E+06
,,,,,,,,,,,
,,,,,,,,,,,
,,,,,,,,,,,
2028-Dec-28 ,6.39E+06,5.37E+06,1.31E+06,2.85E+05,3.60E+05,3.34E+04,,6.10E+06,5.01E+06,1.28E+06,8.00E+06
,,,,,,,,,,,
,,,,,,,,,,,
,,,,,,,,,,,
2028-Dec-29 ,6.40E+06,5.56E+06,1.33E+06,1.96E+05,4.10E+05,2.65E+04,,6.20E+06,5.15E+06,1.30E+06,8.17E+06
,,,,,,,,,,,
,,,,,,,,,,,
,,,,,,,,,,,
2028-Dec-30 ,6.40E+06,5.76E+06,1.35E+06,9.84E+04,4.38E+05,1.83E+04,,6.30E+06,5.32E+06,1.33E+06,8.36E+06
,,,,,,,,,,,
,,,,,,,,,,,
,,,,,,,,,,,
2028-Dec-31 ,6.41E+06,5.96E+06,1.36E+06,-4.97E+03,4.44E+05,9.16E+03,,6.41E+06,5.52E+06,1.35E+06,8.57E+06